Player,From,To,Pos,Ht,Wt,Birth Date,College
Alaa Abdelnaby\abdelal01,1991,1995,F-C,6-10,240,June 24 1968,Duke University
Zaid Abdul-Aziz\abdulza01,1969,1978,C-F,6-9,235,April 7 1946,Iowa State University
Kareem Abdul-Jabbar*\abdulka01,1970,1989,C,7-2,225,April 16 1947,University of California Los Angeles
Mahmoud Abdul-Rauf\abdulma02,1991,2001,G,6-1,162,March 9 1969,Louisiana State University
Tariq Abdul-Wahad\abdulta01,1998,2003,F,6-6,223,November 3 1974,San Jose State University
Shareef Abdur-Rahim\abdursh01,1997,2008,F,6-9,225,December 11 1976,University of California
Tom Abernethy\abernto01,1977,1981,F,6-7,220,May 6 1954,Indiana University
Forest Able\ablefo01,1957,1957,G,6-3,180,July 27 1932,Western Kentucky University
John Abramovic\abramjo01,1947,1948,F,6-3,195,February 9 1919,Salem International University
Alex Abrines\abrinal01,2017,2017,G-F,6-6,190,August 1 1993,
Alex Acker\ackeral01,2006,2009,G,6-5,185,January 21 1983,Pepperdine University
Don Ackerman\ackerdo01,1954,1954,G,6-0,183,September 4 1930,Long Island University
Mark Acres\acresma01,1988,1993,F-C,6-11,220,November 15 1962,Oral Roberts University
Bud Acton\actonbu01,1968,1968,F,6-6,210,January 11 1942,Hillsdale College
Quincy Acy\acyqu01,2013,2017,F,6-7,240,October 6 1990,Baylor University
Alvan Adams\adamsal01,1976,1988,C-F,6-9,210,July 19 1954,University of Oklahoma
Don Adams\adamsdo01,1971,1977,F,6-6,210,November 27 1947,Northwestern University
George Adams\adamsge01,1973,1975,F-G,6-5,210,May 15 1949,Gardner-Webb University
Hassan Adams\adamsha01,2007,2009,G,6-4,220,June 20 1984,University of Arizona
Jordan Adams\adamsjo01,2015,2016,G,6-5,209,July 8 1994,University of California Los Angeles
Michael Adams\adamsmi01,1986,1996,G,5-10,162,January 19 1963,Boston College
Steven Adams\adamsst01,2014,2017,C,7-0,255,July 20 1993,University of Pittsburgh
Rafael Addison\addisra01,1987,1997,F-G,6-7,215,July 22 1964,Syracuse University
Rick Adelman\adelmri01,1969,1975,G,6-1,175,June 16 1946,Loyola Marymount University
Jeff Adrien\adrieje01,2011,2015,F,6-7,245,February 10 1986,University of Connecticut
Arron Afflalo\afflaar01,2008,2017,G,6-5,210,October 15 1985,University of California Los Angeles
Maurice Ager\agerma01,2007,2011,G,6-5,202,February 9 1984,Michigan State University
Mark Aguirre\aguirma01,1982,1994,F-G,6-6,232,December 10 1959,DePaul University
Blake Ahearn\ahearbl01,2008,2012,G,6-2,190,May 27 1984,Missouri State University
Danny Ainge\aingeda01,1982,1995,G,6-4,175,March 17 1959,Brigham Young University
Matthew Aitch\aitchma01,1968,1968,F,6-7,230,September 21 1944,Michigan State University
Alexis Ajinca\ajincal01,2009,2017,C,7-2,248,May 6 1988,
Henry Akin\akinhe01,1967,1969,C-F,6-10,225,July 31 1944,Morehead State University
Josh Akognon\akognjo01,2013,2013,G,5-11,185,February 10 1986,California State University Fullerton
Solomon Alabi\alabiso01,2011,2012,C,7-1,251,March 21 1988,Florida State University
Mark Alarie\alarima01,1987,1991,F,6-8,217,December 11 1963,Duke University
Gary Alcorn\alcorga01,1960,1961,C,6-9,225,October 8 1936,California State University Fresno
Furkan Aldemir\aldemfu01,2015,2015,F-C,6-10,240,August 9 1991,
Cole Aldrich\aldrico01,2011,2017,C,6-11,250,October 31 1988,University of Kansas
LaMarcus Aldridge\aldrila01,2007,2017,F-C,6-11,260,July 19 1985,University of Texas at Austin
Chuck Aleksinas\aleksch01,1985,1985,C,6-11,260,February 26 1959,University of Connecticut
Cliff Alexander\alexacl01,2016,2016,F,6-8,245,November 16 1995,University of Kansas
Cory Alexander\alexaco01,1996,2005,G,6-1,185,June 22 1973,University of Virginia
Courtney Alexander\alexaco02,2001,2003,G,6-5,205,April 27 1977,California State University Fresno
Gary Alexander\alexaga01,1994,1994,F,6-7,240,November 1 1969,University of South Florida
Joe Alexander\alexajo01,2009,2010,F,6-8,230,December 26 1986,West Virginia University
Victor Alexander\alexavi01,1992,2002,C-F,6-9,265,August 31 1969,Iowa State University
Steve Alford\alforst01,1988,1991,G,6-2,183,November 23 1964,Indiana University
Bill Allen\allenbi01,1968,1968,C-F,6-8,205,,New Mexico State University
Bob Allen\allenbo01,1969,1969,F,6-9,205,July 17 1946,Marshall University
Jerome Allen\allenje01,1996,1997,G,6-4,184,January 28 1973,University of Pennsylvania
Lavoy Allen\allenla01,2012,2017,F-C,6-9,260,February 4 1989,Temple University
Lucius Allen\allenlu01,1970,1979,G,6-2,175,September 26 1947,University of California Los Angeles
Malik Allen\allenma01,2002,2011,F-C,6-10,255,June 27 1978,Villanova University
Randy Allen\allenra01,1989,1990,F,6-8,220,January 26 1965,Florida State University
Ray Allen\allenra02,1997,2014,G,6-5,205,July 20 1975,University of Connecticut
Tony Allen\allento01,2005,2017,G-F,6-4,213,January 11 1982,Oklahoma State University
Willie Allen\allenwi01,1972,1972,F,6-6,230,February 8 1949,University of Miami
Odis Allison\allisod01,1972,1972,F,6-6,195,October 2 1949,University of Nevada Las Vegas
Lance Allred\allrela01,2008,2008,C,6-11,250,February 2 1981,Weber State University
Darrell Allums\allumda01,1981,1981,F,6-9,220,September 12 1958,University of California Los Angeles
Morris Almond\almonmo01,2008,2012,G,6-6,225,February 2 1985,Rice University
Derrick Alston\alstode01,1995,1997,F,6-11,225,August 20 1972,Duquesne University
Rafer Alston\alstora01,2000,2010,G,6-2,171,July 24 1976,California State University Fresno
Peter Aluma\alumape01,1999,1999,C,6-10,260,April 23 1973,Liberty University
John Amaechi\amaecjo01,1996,2003,C-F,6-10,270,November 26 1970,Pennsylvania State University
Ashraf Amaya\amayaas01,1996,1997,F,6-8,230,November 23 1971,Southern Illinois University
Al-Farouq Aminu\aminual01,2011,2017,F,6-9,220,September 21 1990,Wake Forest University
Lou Amundson\amundlo01,2007,2016,F,6-9,220,December 7 1982,University of Nevada Las Vegas
Bob Anderegg\anderbo01,1960,1960,F-G,6-3,200,August 24 1937,Michigan State University
Chris Andersen\anderch01,2002,2017,F-C,6-10,245,July 7 1978,Blinn College
David Andersen\anderda03,2010,2011,C,6-11,245,June 23 1980,
Alan Anderson\anderal01,2006,2017,G-F,6-6,220,October 16 1982,Michigan State University
Andrew Anderson\anderan01,1968,1970,G,6-2,184,July 6 1945,Canisius College
Antonio Anderson\anderan02,2010,2010,G,6-6,215,June 5 1985,University of Memphis
Cliff Anderson\andercl01,1968,1971,G-F,6-2,200,September 7 1944,Saint Joseph's University
Dan Anderson\anderda01,1968,1969,C,6-10,230,February 15 1943,Augsburg College
Dan Anderson\anderda02,1975,1976,G,6-2,185,January 1 1951,University of Southern California
Derek Anderson\anderde01,1998,2008,G,6-5,194,July 18 1974,University of Kentucky
Dwight Anderson\anderdw01,1983,1983,G,6-3,185,December 28 1960,University of Southern California
Eric Anderson\anderer01,1993,1994,F,6-9,220,May 26 1970,Indiana University
Greg Anderson\andergr01,1988,1998,F-C,6-10,230,June 22 1964,University of Houston
J.J. Anderson\anderjj01,1983,1985,F,6-8,195,September 23 1960,Bradley University
James Anderson\anderja01,2011,2016,G-F,6-6,213,March 25 1989,Oklahoma State University
Jerome Anderson\anderje01,1976,1977,G,6-5,195,October 9 1953,West Virginia University
Justin Anderson\anderju01,2016,2017,G,6-6,228,November 19 1993,University of Virginia
Kenny Anderson\anderke01,1992,2005,G,6-0,168,October 9 1970,Georgia Institute of Technology
Kim Anderson\anderki01,1979,1979,F,6-7,200,May 12 1955,University of Missouri
Kyle Anderson\anderky01,2015,2017,F-G,6-9,230,September 20 1993,University of California Los Angeles
Michael Anderson\andermi01,1989,1989,G,5-11,184,March 23 1966,Drexel University
Nick Anderson\anderni01,1990,2002,F-G,6-6,205,January 20 1968,University of Illinois at Urbana-Champaign
Richard Anderson\anderri01,1983,1990,F-C,6-10,240,November 19 1960,University of California Santa Barbara
Ron Anderson\anderro01,1985,1994,F-G,6-7,215,October 15 1958,California State University Fresno
Ryan Anderson\anderry01,2009,2017,F,6-10,240,May 6 1988,University of California
Shandon Anderson\andersh01,1997,2006,F-G,6-6,208,December 31 1973,University of Georgia
Willie Anderson\anderwi01,1989,1997,G-F,6-7,190,January 8 1967,University of Georgia
Wally Anderzunas\anderwa01,1970,1970,C-F,6-7,220,January 11 1946,Creighton University
Martynas Andriuskevicius\andrima01,2006,2006,C,7-2,240,March 12 1986,
Don Anielak\anieldo01,1955,1955,F,6-7,190,November 1 1930,Missouri State University
Michael Ansley\anslemi01,1990,1992,F,6-7,225,February 8 1967,University of Alabama
Chris Anstey\anstech01,1998,2000,C,7-0,249,January 1 1975,
Giannis Antetokounmpo\antetgi01,2014,2017,F-G,6-11,222,December 6 1994,
Thanasis Antetokounmpo\antetth01,2016,2016,F,6-7,205,July 17 1992,
Carmelo Anthony\anthoca01,2004,2017,F,6-8,240,May 29 1984,Syracuse University
Greg Anthony\anthogr01,1992,2002,G,6-0,176,November 15 1967,University of Nevada Las Vegas
Joel Anthony\anthojo01,2008,2017,C,6-9,245,August 9 1982,University of Nevada Las Vegas
Pero Antic\anticpe01,2014,2015,C-F,6-11,260,July 29 1982,
Keith Appling\applike01,2016,2016,G,6-1,185,February 13 1992,Michigan State University
Rafael Araujo\araujra01,2005,2007,C,6-11,280,August 12 1980,Brigham Young University
Stacey Arceneaux\arcenst01,1962,1962,F,6-4,210,February 17 1936,Iowa State University
Robert Archibald\archiro01,2003,2004,F,6-11,250,March 29 1980,University of Illinois at Urbana-Champaign
Tiny Archibald*\architi01,1971,1984,G,6-1,150,September 2 1948,University of Texas at El Paso
Jim Ard\ardji01,1971,1978,F-C,6-8,215,September 19 1948,University of Cincinnati
Gilbert Arenas\arenagi01,2002,2012,G,6-3,191,January 6 1982,University of Arizona
Trevor Ariza\arizatr01,2005,2017,F,6-8,215,June 30 1985,University of California Los Angeles
Paul Arizin*\arizipa01,1951,1962,F-G,6-4,190,April 9 1928,Villanova University
Joe Arlauckas\arlaujo01,1988,1988,F,6-9,230,July 20 1965,Niagara University
B.J. Armstrong\armstbj01,1990,2000,G,6-2,175,September 9 1967,University of Iowa
Bob Armstrong\armstbo01,1957,1957,C-F,6-8,220,June 17 1933,Michigan State University
Brandon Armstrong\armstbr01,2002,2004,G,6-5,188,June 16 1980,Pepperdine University
Curly Armstrong\armstcu01,1949,1951,G-F,5-11,170,November 1 1918,Indiana University
Darrell Armstrong\armstda01,1995,2008,G,6-0,170,June 22 1968,Fayetteville State University
Hilton Armstrong\armsthi01,2007,2014,F-C,6-11,235,November 11 1984,University of Connecticut
Tate Armstrong\armstta01,1978,1979,G,6-3,175,October 5 1955,Duke University
Jesse Arnelle\arnelje01,1956,1956,F,6-5,220,December 30 1933,Pennsylvania State University
Jay Arnette\arnetja01,1964,1966,G,6-2,175,December 19 1938,University of Texas at Austin
Bob Arnzen\arnzebo01,1970,1974,F,6-5,205,November 3 1947,University of Notre Dame
Carlos Arroyo\arroyca01,2002,2011,G,6-2,202,July 30 1979,Florida International University
Darrell Arthur\arthuda01,2009,2017,F,6-9,235,March 25 1988,University of Kansas
John Arthurs\arthujo01,1970,1970,G,6-4,185,August 15 1947,Tulane University
Omer Asik\asikom01,2011,2017,C,7-0,255,July 4 1986,
Vincent Askew\askewvi01,1988,1998,G-F,6-6,210,February 28 1966,University of Memphis
Keith Askins\askinke01,1991,1999,G-F,6-7,197,December 15 1967,University of Alabama
Don Asmonga\asmondo01,1954,1954,G,6-2,185,February 15 1928,Alliance College
Dick Atha\athadi01,1956,1958,G,6-2,190,September 21 1931,Indiana State University
Chucky Atkins\atkinch01,2000,2010,G,5-11,160,August 14 1974,University of South Florida
Al Attles\attleal01,1961,1971,G,6-0,175,November 7 1936,North Carolina Agricultural and Technical State University
Chet Aubuchon\aubucch01,1947,1947,G,5-10,137,May 18 1916,Michigan State University
Stacey Augmon\augmost01,1992,2006,F-G,6-8,205,August 1 1968,University of Nevada Las Vegas
D.J. Augustin\augusdj01,2009,2017,G,6-0,183,November 10 1987,University of Texas at Austin
James Augustine\augusja01,2007,2008,F,6-10,235,February 27 1984,University of Illinois at Urbana-Champaign
Isaac Austin\austiis01,1992,2002,C,6-10,255,August 18 1969,Arizona State University
Johnny Austin\austijo01,1967,1968,G,6-0,170,August 31 1944,Boston College
Ken Austin\austike01,1984,1984,F,6-9,205,July 15 1961,Rice University
Anthony Avent\aventan01,1993,2000,F,6-9,235,October 18 1969,Seton Hall University
Bird Averitt\averibi01,1974,1978,G,6-1,170,July 22 1952,Pepperdine University
William Avery\averywi01,2000,2002,G,6-2,197,August 8 1979,Duke University
Dennis Awtrey\awtrede01,1971,1982,C,6-10,235,February 22 1948,Santa Clara University
Gustavo Ayon\ayongu01,2012,2014,C,6-10,250,April 1 1985,
Jeff Ayres\pendeje02,2010,2016,F,6-9,240,April 29 1987,Arizona State University
Kelenna Azubuike\azubuke01,2007,2012,G,6-5,220,December 16 1983,University of Kentucky
Chris Babb\babbch01,2014,2014,G,6-5,225,February 14 1990,Iowa State University
Luke Babbitt\babbilu01,2011,2017,F,6-9,225,June 20 1989,University of Nevada Reno
Milos Babic\babicmi01,1991,1992,C-F,7-0,240,November 23 1968,Tennessee Technological University
Johnny Bach\bachjo01,1949,1949,F-G,6-2,180,July 10 1924,Fordham University
Henry Bacon\baconhe01,1973,1973,G,6-3,205,July 5 1948,University of Louisville
Jim Baechtold\baechji01,1953,1957,F-G,6-4,205,December 9 1927,Eastern Kentucky University
Dalibor Bagaric\bagarda01,2001,2003,C,7-1,255,February 7 1980,
John Bagley\baglejo01,1983,1994,G,6-0,185,April 23 1960,Boston College
Carl Bailey\baileca01,1982,1982,C,7-0,210,April 23 1958,Tuskegee University
Gus Bailey\bailegu01,1975,1980,G-F,6-5,185,February 18 1951,University of Texas at El Paso
James Bailey\baileja01,1980,1988,F-C,6-9,220,May 21 1957,Rutgers University
Thurl Bailey\baileth01,1984,1999,F-C,6-11,215,April 7 1961,North Carolina State University
Toby Bailey\baileto01,1999,2000,G,6-6,213,November 19 1975,University of California Los Angeles
Cameron Bairstow\bairsca01,2015,2016,F-C,6-9,250,December 7 1990,University of New Mexico
Jimmie Baker\bakerji01,1976,1976,F,6-9,220,December 25 1953,University of Hawaii
LaMark Baker\bakerla01,1999,1999,G,6-1,175,November 11 1969,Ohio State University
Maurice Baker\bakerma01,2005,2005,G,6-1,175,July 28 1979,Oklahoma State University
Norm Baker\bakerno01,1947,1947,G,6-0,180,February 17 1923,
Ron Baker\bakerro01,2017,2017,G,6-4,220,March 30 1993,Wichita State University
Vin Baker\bakervi01,1994,2006,F,6-11,232,November 23 1971,University of Hartford
Wade Baldwin\baldwwa01,2017,2017,G,6-4,202,March 29 1996,Vanderbilt University
Renaldo Balkman\balkmre01,2007,2012,F,6-8,208,July 14 1984,University of South Carolina
Cedric Ball\ballce01,1991,1991,F,6-8,210,April 16 1968,University of North Carolina at Charlotte
Greg Ballard\ballagr01,1978,1989,F,6-7,215,January 29 1955,University of Oregon
Herschel Baltimore\baltihe01,1947,1947,F,6-4,195,June 21 1921,Pennsylvania State University
Gene Banks\banksge01,1982,1987,F-G,6-7,215,May 15 1959,Duke University
Zarko Cabarkapa\cabarza01,2004,2006,F,6-11,235,May 21 1981,
Barney Cable\cableba01,1959,1964,F,6-7,175,July 29 1935,Bradley University
Bruno Caboclo\cabocbr01,2015,2017,F,6-9,218,September 21 1995,
Jason Caffey\caffeja01,1996,2003,F,6-8,255,June 12 1973,University of Alabama
Michael Cage\cagemi01,1985,2000,F-C,6-9,224,January 28 1962,San Diego State University
Gerry Calabrese\calabge01,1951,1952,G,6-1,175,February 4 1925,St. John's University
Nick Calathes\calatni01,2014,2015,G,6-6,213,February 7 1989,University of Florida
Jose Calderon\caldejo01,2006,2017,G,6-3,200,September 28 1981,
Adrian Caldwell\caldwad01,1990,1998,F-C,6-8,265,July 4 1966,Lamar University
Jim Caldwell\caldwji01,1968,1969,C,6-10,240,January 28 1943,Georgia Institute of Technology
Joe Caldwell\caldwjo01,1965,1975,F-G,6-5,195,November 1 1941,Arizona State University
Kentavious Caldwell-Pope\caldwke01,2014,2017,G,6-5,205,February 18 1993,University of Georgia
Bill Calhoun\calhobi01,1949,1955,F-G,6-3,180,November 4 1927,City College of San Francisco
Corky Calhoun\calhoco01,1973,1980,F,6-7,210,November 1 1950,University of Pennsylvania
Demetrius Calip\calipde01,1992,1992,G,6-1,165,November 18 1969,University of Michigan
Tom Callahan\callato01,1947,1947,G,6-1,180,June 2 1921,Rockhurst University
Rick Calloway\callori01,1991,1991,F,6-6,180,December 12 1966,University of Kansas
Ernie Calverley\calveer01,1947,1949,G,5-10,145,January 30 1924,University of Rhode Island
Mack Calvin\calvima01,1970,1981,G,6-0,165,July 27 1947,University of Southern California
Dexter Cambridge\cambrde01,1993,1993,F,6-7,224,January 29 1970,University of Texas at Austin
Marcus Camby\cambyma01,1997,2013,C-F,6-11,220,March 22 1974,University of Massachusetts Amherst
Elden Campbell\campbel01,1991,2005,C,6-11,215,July 23 1968,Clemson University
Tony Campbell\campbto01,1985,1995,F-G,6-7,215,May 7 1962,Ohio State University
Isaiah Canaan\canaais01,2014,2017,G,6-0,201,May 21 1991,Murray State University
Larry Cannon\cannola01,1970,1974,G,6-4,195,April 12 1947,La Salle University
Clint Capela\capelca01,2015,2017,F-C,6-10,240,May 18 1994,
Derrick Caracter\caracde01,2011,2011,F,6-9,275,May 4 1988,University of Texas at El Paso
Frank Card\cardfr01,1969,1973,F,6-7,195,December 28 1944,South Carolina State University
Brian Cardinal\cardibr01,2001,2012,F,6-8,245,May 2 1977,Purdue University
Howie Carl\carlho01,1962,1962,G,5-9,160,June 7 1938,DePaul University
Chet Carlisle\carlich01,1947,1947,F-C,6-5,195,November 2 1916,University of California
Geno Carlisle\carlige01,2005,2005,G,6-3,180,August 13 1976,University of California
Rick Carlisle\carliri01,1985,1990,G,6-5,210,October 27 1959,University of Virginia
Don Carlos\carlodo01,1969,1969,G-F,6-5,210,March 3 1944,Otterbein College
Al Carlson\carlsal01,1976,1976,C,6-11,235,September 17 1951,University of Oregon
Don Carlson\carlsdo01,1947,1951,G-F,6-0,170,March 22 1919,University of Minnesota
Bob Carney\carnebo01,1955,1955,G,6-3,170,August 3 1932,Bradley University
Rodney Carney\carnero01,2007,2011,F,6-7,205,April 15 1984,University of Memphis
Bob Carpenter\carpebo01,1950,1951,F-C,6-5,200,November 6 1917,East Texas State University
Antoine Carr\carran01,1985,2000,F-C,6-9,225,July 23 1961,Wichita State University
Austin Carr\carrau01,1972,1981,G,6-4,200,March 10 1948,University of Notre Dame
Chris Carr\carrch01,1996,2001,G,6-5,207,March 12 1974,Southern Illinois University
Cory Carr\carrco01,1999,1999,G,6-3,210,December 5 1975,Texas Tech University
Kenny Carr\carrke01,1978,1987,F,6-7,220,August 15 1955,North Carolina State University
M.L. Carr\carrml01,1976,1985,F-G,6-6,205,January 9 1951,Guilford College
Darel Carrier\carrida01,1968,1973,G,6-3,185,October 26 1940,Western Kentucky University
Bob Carrington\carribo01,1978,1980,G-F,6-6,195,July 3 1953,Boston College
DeMarre Carroll\carrode01,2010,2017,F,6-8,215,July 27 1986,University of Missouri
Joe Barry Carroll\carrojo01,1981,1991,C-F,7-0,225,July 24 1958,Purdue University
Matt Carroll\carroma01,2004,2013,G,6-6,212,August 28 1980,University of Notre Dame
Jimmy Carruth\carruji01,1997,1997,C-F,6-10,265,November 4 1969,Virginia Polytechnic Institute and State University
Anthony Carter\cartean01,2000,2012,G,6-1,190,June 16 1975,University of Hawaii
Butch Carter\cartebu01,1981,1986,G,6-5,180,June 11 1958,Indiana University
Fred Carter\cartefr01,1970,1977,G-F,6-3,185,February 14 1945,Mount St. Mary's University
George Carter\cartege01,1968,1976,F-G,6-4,210,January 10 1944,St. Bonaventure University
Howard Carter\carteho01,1984,1985,G,6-5,215,October 26 1961,Louisiana State University
Jake Carter\carteja01,1950,1950,F-C,6-4,195,July 25 1924,East Texas State University
Maurice Carter\cartema01,2004,2004,G,6-5,210,October 12 1976,Louisiana State University
Reggie Carter\cartere01,1981,1982,G,6-3,175,October 10 1957,St. John's University
Ron Carter\cartero01,1979,1980,G,6-5,190,August 31 1956,Virginia Military Institute
Vince Carter\cartevi01,1999,2017,G-F,6-6,220,January 26 1977,University of North Carolina
Michael Carter-Williams\cartemi01,2014,2017,G,6-6,190,October 10 1991,Syracuse University
Bill Cartwright\cartwbi01,1980,1995,C,7-1,245,July 30 1957,University of San Francisco
Jay Carty\cartyja01,1969,1969,F,6-8,220,July 4 1941,Oregon State University
Cornelius Cash\cashco01,1977,1977,F,6-8,215,March 3 1952,Bowling Green State University
Sam Cash\cashsa01,1973,1973,F,6-8,230,November 13 1950,University of California Riverside
Sam Cassell\cassesa01,1994,2008,G,6-3,185,November 18 1969,Florida State University
Omri Casspi\casspom01,2010,2017,F,6-9,225,June 22 1988,
Harvey Catchings\catchha01,1975,1985,C-F,6-9,218,September 2 1951,Hardin-Simmons University
Terry Catledge\catlete01,1986,1993,F,6-8,220,August 22 1963,University of South Alabama
Sid Catlett\catlesi01,1972,1972,F,6-6,230,April 18 1948,University of Notre Dame
Kelvin Cato\catoke01,1998,2007,C,6-11,255,August 26 1974,Iowa State University
Bobby Cattage\cattabo01,1982,1986,F,6-9,250,August 17 1958,Auburn University
Willie Cauley-Stein\caulewi01,2016,2017,F-C,7-0,240,August 18 1993,University of Kentucky
Duane Causwell\causwdu01,1991,2001,C,7-0,240,May 31 1968,Temple University
Ron Cavenall\cavenro01,1985,1989,C,7-1,230,April 30 1959,Texas Southern University
Cedric Ceballos\cebalce01,1991,2001,F,6-6,190,August 2 1969,California State University Fullerton
John Celestand\celesjo01,2000,2000,G,6-4,178,March 6 1977,Villanova University
Al Cervi*\cervial01,1950,1953,G-F,5-11,170,February 12 1917,
Lionel Chalmers\chalmli01,2005,2005,G,6-0,180,November 10 1980,Xavier University
Mario Chalmers\chalmma01,2009,2016,G,6-2,190,May 19 1986,University of Kansas
Bill Chamberlain\chambbi01,1973,1974,F,6-6,188,December 16 1949,University of North Carolina
Wilt Chamberlain*\chambwi01,1960,1973,C,7-1,275,August 21 1936,University of Kansas
Jerry Chambers\chambje01,1967,1974,F,6-5,185,July 18 1943,University of Utah
Tom Chambers\chambto01,1982,1998,F-C,6-10,220,June 21 1959,University of Utah
Mike Champion\champmi01,1989,1989,F,6-10,230,April 5 1964,Gonzaga University
Tyson Chandler\chandty01,2002,2017,C,7-1,240,October 2 1982,
Wilson Chandler\chandwi01,2008,2017,F,6-8,225,May 10 1987,DePaul University
Don Chaney\chanedo01,1969,1980,G,6-5,210,March 22 1946,University of Houston
John Chaney\chanejo01,1950,1950,F-C,6-3,185,February 29 1920,Louisiana State University
Rex Chapman\chapmre01,1989,2000,G,6-4,185,October 5 1967,University of Kentucky
Wayne Chapman\chapmwa01,1969,1972,G-F,6-6,190,June 15 1945,Western Kentucky University
Len Chappell\chapple01,1963,1972,F-C,6-8,240,January 31 1941,Wake Forest University
Ken Charles\charlke01,1974,1978,G,6-3,180,July 10 1951,Fordham University
Lorenzo Charles\charllo01,1986,1986,F,6-7,225,November 25 1963,North Carolina State University
Calbert Cheaney\cheanca01,1994,2006,G-F,6-7,209,July 17 1971,Indiana University
Maurice Cheeks\cheekma01,1979,1993,G,6-1,180,September 8 1956,West Texas A&M University
Phil Chenier\cheniph01,1972,1981,G,6-3,180,October 30 1950,University of California
Will Cherry\cherrwi01,2015,2015,G,6-0,185,February 8 1991,University of Montana
Derrick Chievous\chievde01,1989,1991,F,6-7,195,July 3 1967,University of Missouri
Pete Chilcutt\chilcpe01,1992,2000,F-C,6-10,230,September 14 1968,University of North Carolina
Josh Childress\childjo01,2005,2014,G-F,6-8,210,June 20 1983,Stanford University
Randolph Childress\childra01,1996,1997,G,6-2,188,September 21 1972,Wake Forest University
Chris Childs\childch01,1995,2003,G,6-3,195,November 20 1967,Boise State University
Leroy Chollet\chollle01,1950,1951,F,6-2,190,March 5 1925,Canisius College
Jim Chones\choneji01,1973,1982,C-F,6-11,220,November 30 1949,Marquette University
Marquese Chriss\chrisma01,2017,2017,F,6-10,233,July 2 1997,University of Washington
Fred Christ\chrisfr01,1955,1955,G,6-4,210,August 6 1930,Fordham University
Cal Christensen\chrisca01,1951,1955,F-C,6-5,210,July 8 1927,University of Toledo
Bob Christian\chrisbo01,1970,1974,C,6-10,255,May 11 1946,Grambling State University
Doug Christie\chrisdo01,1993,2007,G-F,6-6,200,May 9 1970,Pepperdine University
Dionte Christmas\chrisdi01,2014,2014,G,6-5,205,September 15 1986,Temple University
Rakeem Christmas\chrisra01,2016,2017,F,6-9,250,December 1 1991,Syracuse University
Semaj Christon\chrisse01,2017,2017,G,6-3,190,November 1 1992,Xavier University
Patrick Christopher\chrispa01,2015,2015,G-F,6-5,209,June 3 1988,University of California
Stephen Chubin\chubist01,1968,1970,G,6-2,200,February 8 1944,University of Rhode Island
Robert Churchwell\churcro01,1996,1996,G-F,6-6,195,February 20 1972,Georgetown University
Archie Clark\clarkar01,1967,1976,G,6-2,175,July 15 1941,University of Minnesota
Carlos Clark\clarkca01,1984,1985,G,6-4,210,August 10 1960,University of Mississippi
Earl Clark\clarkea01,2010,2015,F,6-10,225,January 17 1988,University of Louisville
Ian Clark\clarkia01,2014,2017,G,6-3,175,March 7 1991,Belmont University
Keon Clark\clarkke01,1999,2004,F-C,6-11,220,April 16 1975,University of Nevada Las Vegas
Richard Clark\clarkri01,1968,1969,G,6-4,190,January 5 1944,Eastern Kentucky University
Coty Clarke\clarkco01,2016,2016,F,6-7,232,July 4 1992,University of Arkansas
Jordan Clarkson\clarkjo01,2015,2017,G,6-5,194,June 7 1992,University of Missouri
Victor Claver\clavevi01,2013,2015,F,6-9,224,August 30 1988,
John Clawson\clawsjo01,1969,1969,F,6-4,200,May 15 1944,University of Michigan
Charles Claxton\claxtch01,1996,1996,C,7-0,265,December 13 1970,University of Georgia
Speedy Claxton\claxtsp01,2002,2009,G,5-11,166,May 8 1978,Hofstra University
Jim Cleamons\cleamji01,1972,1980,G,6-3,185,September 13 1949,Ohio State University
Mateen Cleaves\cleavma01,2001,2006,G,6-2,205,September 7 1977,Michigan State University
Barry Clemens\clemeba01,1966,1976,F,6-6,210,May 1 1943,Ohio Wesleyan University
Nat Clifton*\cliftna01,1951,1958,C-F,6-6,220,October 13 1922,Xavier University of Louisiana
Bill Closs\clossbi01,1950,1952,F-C,6-5,195,January 8 1922,Rice University
Keith Closs\closske01,1998,2000,C,7-3,212,April 3 1976,Central Connecticut State University
Paul Cloyd\cloydpa01,1950,1950,G-F,6-2,180,June 13 1920,University of Wisconsin
Bob Cluggish\cluggbo01,1947,1947,C,6-10,235,September 18 1917,University of Kentucky
Ben Clyde\clydebe01,1975,1975,F,6-7,198,June 10 1951,Florida State University
Richard Coffey\cofferi01,1991,1991,F,6-6,212,September 2 1965,University of Minnesota
Fred Cofield\cofiefr01,1986,1987,G,6-3,190,January 4 1962,Eastern Michigan University
John Coker\cokerjo01,1996,2001,C,7-0,253,October 28 1971,Boise State University
Norris Cole\coleno01,2012,2017,G,6-2,175,October 13 1988,Cleveland State University
Ben Coleman\colembe01,1987,1994,F,6-9,235,November 14 1961,University of Maryland
Derrick Coleman\colemde01,1991,2005,F,6-10,230,June 21 1967,Syracuse University
E.C. Coleman\colemec01,1974,1979,F,6-8,225,September 25 1950,Houston Baptist University
Jack Coleman\colemja01,1950,1958,F-C,6-7,195,May 23 1924,University of Louisville
Norris Coleman\colemno01,1988,1988,F,6-8,210,September 27 1961,Kansas State University
Bimbo Coles\colesbi01,1991,2004,G,6-1,180,April 22 1968,Virginia Polytechnic Institute and State University
Jason Collier\collija02,2001,2005,C,7-0,260,September 8 1977,Georgia Institute of Technology
Art Collins\colliar01,1981,1981,G,6-4,185,April 14 1954,St. Thomas University
Don Collins\collido02,1981,1987,F-G,6-6,190,November 28 1958,Washington State University
Doug Collins\collido01,1974,1981,G-F,6-6,180,July 28 1951,Illinois State University
James Collins\collija01,1998,1998,G,6-4,196,November 5 1973,Florida State University
Jarron Collins\collija03,2002,2011,F-C,6-11,255,December 2 1978,Stanford University
Jason Collins\collija04,2002,2014,C,7-0,255,December 2 1978,Stanford University
Jimmy Collins\colliji01,1971,1972,G,6-2,175,November 24 1946,New Mexico State University
Mardy Collins\collima01,2007,2010,G,6-6,220,August 4 1984,Temple University
Sherron Collins\collish01,2011,2011,G,5-11,205,March 18 1987,University of Kansas
Darren Collison\collida01,2010,2017,G,6-0,175,August 23 1987,University of California Los Angeles
Nick Collison\collini01,2005,2017,F,6-10,255,October 26 1980,University of Kansas
Joe Colone\colonjo01,1949,1949,F,6-5,210,January 23 1924,Bloomsburg University of Pennsylvania
Sean Colson\colsose01,2001,2001,G,6-0,175,July 1 1975,University of North Carolina at Charlotte
Steve Colter\coltest01,1985,1995,G,6-3,165,July 24 1962,New Mexico State University
Glen Combs\combsgl01,1969,1975,G,6-2,185,October 30 1946,Virginia Polytechnic Institute and State University
Leroy Combs\combsle01,1984,1984,F,6-8,210,January 1 1961,Oklahoma State University
John Comeaux\comeajo01,1968,1968,F,6-5,193,September 15 1943,Grambling State University
Dallas Comegys\comegda01,1988,1989,F,6-9,205,August 17 1964,DePaul University
Larry Comley\comlela01,1964,1964,G,6-5,210,August 17 1939,Kansas State University
Jeffrey Congdon\congdje01,1968,1972,G,6-1,180,October 17 1943,Brigham Young University
Gene Conley\conlege01,1953,1964,C-F,6-8,225,November 10 1930,Washington State University
Larry Conley\conlela01,1968,1968,G,6-3,175,January 22 1944,University of Kentucky
Mike Conley\conlemi01,2008,2017,G,6-1,175,October 11 1987,Ohio State University
Ed Conlin\conlied01,1956,1962,F-G,6-5,200,September 2 1933,Fordham University
Marty Conlon\conloma01,1992,2000,F-C,6-10,224,January 19 1968,Providence College
Pat Connaughton\connapa01,2016,2017,G,6-5,206,January 6 1993,University of Notre Dame
Jimmy Conner\conneji01,1976,1976,G,6-4,190,March 20 1953,University of Kentucky
Lester Conner\connele01,1983,1995,G,6-4,180,September 17 1959,Oregon State University
Chuck Connors\connoch01,1947,1948,F-C,6-5,190,April 10 1921,Seton Hall University
Will Conroy\conrowi01,2007,2013,G,6-2,195,December 8 1982,University of Washington
Anthony Cook\cookan01,1991,1996,F-C,6-9,205,March 19 1967,University of Arizona
Bert Cook\cookbe01,1955,1955,G-F,6-3,185,April 26 1929,Utah State University
Bobby Cook\cookbo01,1950,1950,G-F,5-10,155,April 1 1923,University of Wisconsin
Brian Cook\cookbr01,2004,2012,F,6-9,234,December 4 1980,University of Illinois at Urbana-Champaign
Daequan Cook\cookda02,2008,2013,G,6-5,205,April 28 1987,Ohio State University
Darwin Cook\cookda01,1981,1989,G,6-3,184,August 6 1958,University of Portland
Jeff Cook\cookje01,1980,1988,F-C,6-10,215,October 21 1956,Idaho State University
Norm Cook\cookno01,1977,1978,F,6-8,210,March 21 1955,University of Kansas
Omar Cook\cookom01,2004,2005,G,6-1,190,January 28 1982,St. John's University
Quinn Cook\cookqu01,2017,2017,G,6-2,184,March 23 1993,Duke University
David Cooke\cookeda01,1986,1986,F,6-8,230,September 27 1963,Saint Mary's College of California
Joe Cooke\cookejo01,1971,1971,G,6-3,175,August 14 1948,Indiana University
Jack Cooley\cooleja01,2015,2015,F,6-9,260,April 4 1991,University of Notre Dame
Chuck Cooper\coopech01,1951,1956,F,6-5,210,September 29 1926,Duquesne University
Duane Cooper\coopedu01,1993,1994,G,6-1,185,June 25 1969,University of Southern California
Joe Cooper\coopejo01,1982,1985,C-F,6-10,230,September 1 1957,University of Colorado
Michael Cooper\coopemi01,1979,1990,G-F,6-5,170,April 15 1956,University of New Mexico
Wayne Cooper\coopewa01,1979,1992,C-F,6-10,220,November 16 1956,University of New Orleans
Tom Copa\copato01,1992,1992,C,6-10,275,October 30 1964,Marquette University
Chris Copeland\copelch01,2013,2016,F,6-9,239,March 17 1984,University of Colorado
Hollis Copeland\copelho01,1980,1982,F,6-6,180,December 20 1955,Rutgers University
Lanard Copeland\copella01,1990,1992,G,6-6,190,July 16 1965,Georgia State University
Tyrone Corbin\corbity01,1986,2001,G-F,6-6,210,December 31 1962,DePaul University
Chris Corchiani\corchch01,1992,1994,G,6-0,185,March 28 1968,North Carolina State University
Ken Corley\corleke01,1947,1947,C,6-5,210,,Oklahoma State Teachers College
Ray Corley\corlera01,1950,1953,G,6-0,180,January 1 1928,Georgetown University
Dave Corzine\corzida01,1979,1991,C,6-11,250,April 25 1956,DePaul University
Larry Costello\costela01,1955,1968,G,6-1,186,July 2 1931,Niagara University
Bryce Cotton\cottobr01,2015,2016,G,6-1,165,August 11 1992,Providence College
Jack Cotton\cottoja01,1950,1950,F-C,6-7,200,October 25 1924,University of Wyoming
James Cotton\cottoja02,1998,1999,G,6-5,220,December 14 1975,California State University Long Beach
John Coughran\coughjo01,1980,1980,F,6-7,225,September 12 1951,University of California
Mel Counts\countme01,1965,1976,C-F,7-0,230,October 16 1941,Oregon State University
Steve Courtin\courtst01,1965,1965,G,6-1,188,September 21 1942,Saint Joseph's University
Joe Courtney\courtjo01,1993,1997,F,6-8,235,October 17 1969,University of Southern Mississippi
Marcus Cousin\cousima01,2011,2011,C,6-11,245,December 18 1986,University of Houston
DeMarcus Cousins\couside01,2011,2017,C-F,6-11,270,August 13 1990,University of Kentucky
Bob Cousy*\cousybo01,1951,1970,G,6-1,175,August 9 1928,College of the Holy Cross
Robert Covington\covinro01,2014,2017,F,6-9,215,December 14 1990,Tennessee State University
Dave Cowens*\cowenda01,1971,1983,C-F,6-9,230,October 25 1948,Florida State University
Chubby Cox\coxch01,1983,1983,G,6-2,180,December 29 1955,University of San Francisco
Johnny Cox\coxjo01,1963,1963,G,6-4,180,November 1 1936,University of Kentucky
Wesley Cox\coxwe01,1978,1979,F,6-6,215,January 27 1955,University of Louisville
Allen Crabbe\crabbal01,2014,2017,G-F,6-6,210,April 9 1992,University of California
Chris Crawford\crawfch01,1998,2004,F,6-9,235,May 13 1975,Marquette University
Freddie Crawford\crawffr01,1967,1971,G-F,6-4,189,December 23 1941,St. Bonaventure University
Jamal Crawford\crawfja01,2001,2017,G,6-5,200,March 20 1980,University of Michigan
Joe Crawford\crawfjo01,2009,2009,F,6-5,210,June 17 1986,University of Kentucky
Jordan Crawford\crawfjo02,2011,2017,G,6-4,195,October 23 1988,Xavier University
Jim Creighton\creigji01,1976,1976,F,6-8,200,April 18 1950,University of Colorado
Ron Crevier\creviro01,1986,1986,C,7-0,235,April 14 1958,Boston College
Hal Crisler\crislha01,1947,1947,F,6-3,215,December 31 1923,Iowa State University
Joe Crispin\crispjo01,2002,2002,G,6-0,185,July 18 1979,Pennsylvania State University
Charlie Criss\crissch01,1978,1985,G,5-8,165,November 6 1948,New Mexico State University
Russell Critchfield\critcru01,1969,1969,G,5-10,150,June 27 1946,University of California
Winston Crite\critewi01,1988,1989,F,6-7,233,June 20 1965,Texas A&M University
Javaris Crittenton\crittja01,2008,2009,G,6-5,200,December 31 1987,Georgia Institute of Technology
Dillard Crocker\crockdi01,1949,1953,F-G,6-4,205,January 19 1925,Western Michigan University
Bobby Croft\croftbo01,1971,1971,C,6-10,200,March 17 1946,University of Tennessee
Geoff Crompton\crompge01,1979,1984,C,6-11,280,July 4 1955,University of North Carolina
Terry Crosby\crosbte01,1980,1980,G,6-4,195,January 4 1957,University of Tennessee
Austin Croshere\croshau01,1998,2009,F,6-9,235,May 1 1975,Providence College
Jeff Cross\crossje01,1986,1986,F,6-10,240,September 1 1961,University of Maine
Pete Cross\crosspe01,1971,1973,C-F,6-9,230,March 28 1948,University of San Francisco
Russell Cross\crossru01,1984,1984,C,6-10,215,September 5 1961,Purdue University
Chink Crossin\crossch01,1948,1950,G,6-1,165,July 4 1923,University of Pennsylvania
John Crotty\crottjo01,1993,2003,G,6-1,185,July 15 1969,University of Virginia
Bill Crow\crowbi01,1968,1968,G,6-1,180,December 9 1940,Westminster College of Utah
Mark Crow\crowma01,1978,1978,F,6-7,210,October 22 1954,Duke University
Corey Crowder\crowdco01,1992,1995,G-F,6-5,214,April 13 1969,Kentucky Wesleyan College
Jae Crowder\crowdja01,2013,2017,F,6-6,235,July 6 1990,Marquette University
Al Cueto\cuetoal01,1970,1971,C-F,6-7,230,August 2 1946,University of Tulsa
Pat Cummings\cummipa01,1980,1991,F-C,6-9,230,July 11 1956,University of Cincinnati
Terry Cummings\cummite01,1983,2000,F,6-9,220,March 15 1961,DePaul University
Vonteego Cummings\cummivo01,2000,2002,G,6-3,185,February 29 1976,University of Pittsburgh
Billy Cunningham*\cunnibi01,1966,1976,F-C,6-6,210,June 3 1943,University of North Carolina
Dante Cunningham\cunnida01,2010,2017,F,6-8,230,April 22 1987,Villanova University
Dick Cunningham\cunnidi01,1969,1975,C,6-10,245,July 11 1946,Murray State University
Jared Cunningham\cunnija01,2013,2016,G,6-4,195,May 22 1991,Oregon State University
William Cunningham\cunniwi01,1998,1999,C,6-11,250,March 25 1974,Temple University
Radisav Curcic\curcira01,1993,1993,C,6-10,275,September 26 1965,
Armand Cure\curear01,1947,1947,F,6-0,198,August 1 1919,University of Rhode Island
Earl Cureton\curetea01,1981,1997,F-C,6-9,210,September 3 1957,University of Detroit Mercy
Bill Curley\curlebi01,1995,2001,F,6-9,220,May 29 1972,Boston College
Fran Curran\currafr01,1949,1950,G,6-0,175,September 9 1922,University of Notre Dame
Dell Curry\curryde01,1987,2002,G,6-4,190,June 25 1964,Virginia Polytechnic Institute and State University
Eddy Curry\curryed01,2002,2013,C,7-0,295,December 5 1982,
JamesOn Curry\curryja01,2010,2010,G,6-3,190,January 7 1986,Oklahoma State University
Michael Curry\currymi01,1994,2005,F-G,6-5,210,August 22 1968,Georgia Southern University
Seth Curry\curryse01,2014,2017,G,6-2,185,August 23 1990,Duke University
Stephen Curry\curryst01,2010,2017,G,6-3,190,March 14 1988,Davidson College
Rastko Cvetkovic\cvetkra01,1996,1996,C,7-1,260,June 22 1970,
Mike D'Antoni\dantomi01,1974,1977,G,6-3,185,May 8 1951,Marshall University
Mike Dabich\dabicmi01,1968,1968,C,7-0,242,December 27 1942,New Mexico State University
Ed Dahler\dahleed01,1952,1952,F,6-5,190,January 31 1926,Duquesne University
Quintin Dailey\dailequ01,1983,1992,G,6-3,180,January 22 1961,University of San Francisco
Samuel Dalembert\dalemsa01,2002,2015,C,6-11,255,May 10 1981,Seton Hall University
Howie Dallmar\dallmho01,1947,1949,F,6-4,200,May 24 1922,Stanford University
Erick Dampier\dampier01,1997,2012,C,6-11,265,July 14 1975,Mississippi State University
Louie Dampier*\dampilo01,1968,1979,G,6-0,170,November 20 1944,University of Kentucky
Bob Dandridge\dandrbo01,1970,1982,F-G,6-6,195,November 15 1947,Norfolk State University
Antonio Daniels\daniean01,1998,2011,G,6-4,195,March 19 1975,Bowling Green State University
Erik Daniels\danieer01,2005,2005,F,6-8,214,April 1 1982,University of Kentucky
Lloyd Daniels\daniell01,1993,1998,G,6-7,205,September 4 1967,Mount San Antonio College
Marquis Daniels\daniema01,2004,2013,G-F,6-6,200,January 7 1981,Auburn University
Mel Daniels*\danieme01,1968,1977,C,6-9,220,July 20 1944,University of New Mexico
Troy Daniels\danietr01,2014,2017,G,6-4,205,July 15 1991,Virginia Commonwealth University
Sasha Danilovic\danilsa01,1996,1997,G,6-5,200,February 26 1970,
Adrian Dantley*\dantlad01,1977,1991,F-G,6-5,208,February 28 1956,University of Notre Dame
Pete Darcey\darcepe01,1953,1953,C,6-7,217,March 3 1930,Oklahoma State University
Jimmy Darden\dardeji01,1950,1950,G,6-1,170,June 19 1922,University of Denver
Ollie Darden\dardeol01,1968,1970,F-C,6-7,235,July 28 1944,University of Michigan
Yinka Dare\dareyi01,1995,1998,C,7-0,265,October 10 1972,George Washington University
Jesse Dark\darkje01,1975,1975,G,6-5,210,September 2 1951,Virginia Commonwealth University
Rick Darnell\darneri01,1976,1976,C-F,6-10,215,January 1 1953,San Jose State University
Jimmy Darrow\darroji01,1962,1962,G,5-10,170,September 25 1937,Bowling Green State University
Luigi Datome\datomlu01,2014,2015,F,6-8,215,November 27 1987,
Brad Daugherty\daughbr01,1987,1994,C,7-0,245,October 19 1965,University of North Carolina
Mack Daughtry\daughma01,1971,1971,G,6-3,175,,Albany State University
Kornel David\davidko01,1999,2001,F,6-9,235,October 22 1971,
Jermareo Davidson\davidje01,2008,2009,F,6-10,230,November 15 1984,University of Alabama
Bob Davies*\daviebo01,1949,1955,G-F,6-1,175,January 15 1920,Seton Hall University
Brandon Davies\daviebr01,2014,2015,F,6-10,240,July 25 1991,Brigham Young University
Anthony Davis\davisan02,2013,2017,F-C,6-10,253,March 11 1993,University of Kentucky
Antonio Davis\davisan01,1994,2006,F-C,6-9,215,October 31 1968,University of Texas at El Paso
Aubrey Davis\davisau01,1947,1947,G-F,6-2,175,March 28 1921,Oklahoma Baptist University
Baron Davis\davisba01,2000,2012,G,6-3,209,April 13 1979,University of California Los Angeles
Ben Davis\davisbe01,1997,2000,F,6-9,240,December 26 1972,University of Arizona
Bill Davis\davisbi01,1947,1947,F,6-3,215,October 3 1921,University of Notre Dame
Bob Davis\davisbo01,1973,1973,F,6-7,215,April 2 1950,Weber State University
Brad Davis\davisbr01,1978,1992,G,6-3,180,December 17 1955,University of Maryland
Brian Davis\davisbr02,1994,1994,F-G,6-7,200,June 21 1970,Duke University
Charles Davis\davisch02,1982,1990,F,6-7,215,October 5 1958,Vanderbilt University
Charlie Davis\davisch01,1972,1974,G,6-2,160,September 7 1949,Wake Forest University
Dale Davis\davisda01,1992,2007,F-C,6-11,230,March 25 1969,Clemson University
Deyonta Davis\davisde01,2017,2017,F-C,6-11,237,December 2 1996,Michigan State University
Dwight Davis\davisdw01,1973,1977,F,6-8,220,October 28 1949,University of Houston
Ed Davis\davised01,2011,2017,F,6-10,240,June 5 1989,University of North Carolina
Emanual Davis\davisem01,1997,2003,G,6-4,195,August 27 1968,Delaware State University
Glen Davis\davisgl01,2008,2015,F-C,6-9,289,January 1 1986,Louisiana State University
Harry Davis\davisha01,1979,1980,F,6-7,220,January 27 1956,Florida State University
Hubert Davis\davishu01,1993,2004,G,6-5,183,May 17 1970,University of North Carolina
Jim Davis\davisji01,1968,1975,C-F,6-9,225,December 18 1941,University of Colorado
Johnny Davis\davisjo01,1977,1986,G,6-2,170,October 21 1955,University of Dayton
Josh Davis\davisjo02,2004,2012,F,6-8,235,August 10 1980,University of Wyoming
Lee Davis\davisle01,1969,1976,C-F,6-8,235,October 11 1945,North Carolina Central University
Mark Davis\davisma01,1989,1989,F-G,6-6,195,June 8 1963,Old Dominion University
Mark Davis\davisma02,1996,2000,G-F,6-7,210,April 26 1973,Texas Tech University
Mel Davis\davisme01,1974,1977,F,6-6,220,November 9 1950,St. John's University
Mickey Davis\davismi02,1972,1977,F-G,6-7,195,June 16 1950,Duquesne University
Mike Davis\davismi01,1970,1973,G,6-3,185,July 26 1946,Virginia Union University
Mike Davis\davismi03,1983,1983,F,6-10,230,August 2 1956,University of Maryland
Monti Davis\davismo01,1981,1981,F,6-7,205,July 26 1958,Tennessee State University
Paul Davis\davispa01,2007,2010,C,6-11,270,July 21 1984,Michigan State University
Ralph Davis\davisra01,1961,1962,G,6-4,180,September 7 1938,University of Cincinnati
Red Davis\davisre01,1956,1956,C,6-7,220,April 22 1932,St. John's University
Ricky Davis\davisri01,1999,2010,G,6-6,195,September 23 1979,University of Iowa
Ron Davis\davisro01,1977,1982,G-F,6-6,198,May 1 1954,Washington State University
Terry Davis\daviste01,1990,2001,F-C,6-9,225,June 17 1967,Virginia Union University
Walt Davis\daviswa01,1954,1958,C-F,6-8,205,January 5 1931,Texas A&M University
Walter Davis\daviswa03,1978,1992,G-F,6-6,193,September 9 1954,University of North Carolina
Warren Davis\daviswa02,1968,1973,F-C,6-6,212,June 30 1943,North Carolina Agricultural and Technical State University
Willie Davis\daviswi01,1971,1971,C,6-8,234,August 9 1945,University of North Texas
Andre Dawkins\dawkian01,2015,2015,G,6-5,215,September 19 1991,Duke University
Darryl Dawkins\dawkida01,1976,1989,C,6-11,251,January 11 1957,
Johnny Dawkins\dawkijo01,1987,1995,G,6-2,165,September 28 1963,Duke University
Paul Dawkins\dawkipa01,1980,1980,F,6-5,190,June 10 1957,Northern Illinois University
Branden Dawson\dawsobr01,2016,2016,F,6-6,225,February 1 1993,Michigan State University
Eric Dawson\dawsoer01,2012,2012,F,6-9,250,July 7 1984,Midwestern State University
Jimmy Dawson\dawsoji01,1968,1968,G,6-0,175,April 18 1945,University of Illinois at Urbana-Champaign
Tony Dawson\dawsoto01,1991,1995,F,6-7,215,August 25 1967,Florida State University
Todd Day\dayto01,1993,2001,G-F,6-6,188,January 7 1970,University of Arkansas
Austin Daye\dayeau01,2010,2015,F,6-11,220,June 5 1988,Gonzaga University
Darren Daye\dayeda01,1984,1988,F-G,6-8,220,November 30 1960,University of California Los Angeles
Nando De Colo\decolna01,2013,2014,G,6-5,200,June 23 1987,
Greg Deane\deanegr01,1980,1980,G,6-4,190,December 6 1957,University of Utah
Billy DeAngelis\deangbi01,1971,1971,G,6-1,180,October 5 1946,Saint Joseph's University
Dave DeBusschere*\debusda01,1963,1974,F-G,6-6,220,October 16 1940,University of Detroit Mercy
Andrew DeClercq\declean01,1996,2005,F-C,6-10,230,February 1 1973,University of Florida
Dewayne Dedmon\dedmode01,2014,2017,C,7-0,245,August 12 1989,University of Southern California
Don Dee\deedo01,1969,1969,F,6-8,210,August 9 1943,Saint Mary of the Plains College
Archie Dees\deesar01,1959,1962,F-C,6-8,205,February 22 1936,Indiana University
Terry Dehere\deherte01,1994,1999,G,6-2,190,September 12 1971,Seton Hall University
Red Dehnert\dehnere01,1947,1947,F,6-3,175,January 24 1924,Columbia University
Bryce Dejean-Jones\dejeabr01,2016,2016,G,6-6,209,August 21 1992,Iowa State University
Sam Dekker\dekkesa01,2016,2017,F,6-9,230,May 6 1994,University of Wisconsin
Vinny Del Negro\delnevi01,1989,2002,G,6-4,185,August 9 1966,North Carolina State University
Malcolm Delaney\delanma01,2017,2017,G,6-3,190,March 11 1989,Virginia Polytechnic Institute and State University
Bison Dele\delebi01,1992,1999,F-C,6-9,235,April 6 1969,University of Arizona
Carlos Delfino\delfica01,2005,2013,G,6-6,230,August 29 1982,
Tony Delk\delkto01,1997,2006,G,6-1,189,January 28 1974,University of Kentucky
Matthew Dellavedova\dellama01,2014,2017,G,6-4,198,September 8 1990,Saint Mary's College of California
Nate DeLong\delonna01,1952,1952,C,6-6,220,January 5 1926,University of Wisconsin-River Falls
Fennis Dembo\dembofe01,1989,1989,F,6-5,215,January 24 1966,University of Wyoming
Larry Demic\demicla01,1980,1982,F-C,6-9,225,June 27 1957,University of Arizona
Dell Demps\dempsde01,1994,1997,G,6-3,205,February 12 1970,University of the Pacific
George Dempsey\dempsge01,1955,1959,G,6-2,190,July 19 1929,King's College
Luol Deng\denglu01,2005,2017,F,6-9,220,April 16 1985,Duke University
Kenny Dennard\dennake01,1982,1984,F,6-8,220,October 18 1958,Duke University
Blaine Denning\dennibl01,1953,1953,G,6-2,175,September 19 1930,Lawrence Technological University
Justin Dentmon\dentmju01,2012,2013,G,5-11,185,September 5 1985,University of Washington
Randy Denton\dentora01,1972,1977,C,6-10,240,February 18 1949,Duke University
Joe DePre\deprejo01,1971,1973,G,6-3,185,December 19 1947,St. John's University
Rod Derline\derliro01,1975,1976,G,6-0,175,March 11 1952,Seattle University
DeMar DeRozan\derozde01,2010,2017,G,6-7,221,August 7 1989,University of Southern California
Dave Deutsch\deutsda01,1967,1967,G,6-1,170,May 13 1945,University of Rochester
Corky Devlin\devlico01,1956,1958,G,6-5,195,December 21 1931,George Washington University
Hank DeZonie\dezonha01,1951,1951,C-F,6-6,215,February 12 1922,Clark Atlanta University
Derrick Dial\dialde01,2000,2004,G,6-4,184,December 20 1975,Eastern Michigan University
Cheick Diallo\diallch01,2017,2017,F,6-9,220,September 13 1996,University of Kansas
Boris Diaw\diawbo01,2004,2017,F-C,6-8,250,April 16 1982,
Yakhouba Diawara\diawaya01,2007,2010,G-F,6-7,225,August 29 1982,Pepperdine University
Guillermo Diaz\diazgu01,2008,2008,G,6-2,192,March 4 1985,University of Miami
Dan Dickau\dickada01,2003,2008,G,6-0,190,September 16 1978,Gonzaga University
Kaniel Dickens\dickeka01,2004,2008,F,6-8,215,July 21 1978,University of Idaho
Henry Dickerson\dickehe01,1976,1977,G,6-4,190,November 27 1951,University of Charleston
Michael Dickerson\dickemi01,1999,2003,G-F,6-5,190,June 25 1975,University of Arizona
Clyde Dickey\dickecl01,1975,1975,G,6-3,185,December 14 1951,Boise State University
Derrek Dickey\dickede01,1974,1978,F,6-7,218,March 20 1951,University of Cincinnati
Dick Dickey\dickedi01,1952,1952,G,6-1,175,October 26 1926,North Carolina State University
John Dickson\dicksjo01,1968,1968,C,6-10,240,November 18 1945,Arkansas State University
Travis Diener\dienetr01,2006,2010,G,6-1,175,March 1 1982,Marquette University
Gorgui Dieng\dienggo01,2014,2017,C,6-11,241,January 18 1990,University of Louisville
Connie Dierking\dierkco01,1959,1971,C-F,6-9,222,October 2 1936,University of Cincinnati
Coby Dietrick\dietrco01,1971,1983,C-F,6-10,220,July 23 1948,San Jose State University
Ernie DiGregorio\digreer01,1974,1978,G,6-0,180,January 15 1951,Providence College
Craig Dill\dillcr01,1968,1968,C,6-11,215,December 17 1944,University of Michigan
Dwaine Dillard\dilladw01,1976,1976,F,6-6,230,March 9 1949,Eastern Michigan University
Mickey Dillard\dillami01,1982,1982,G,6-3,170,October 15 1958,Florida State University
Bob Dille\dillebo01,1947,1947,F,6-3,190,July 2 1917,Valparaiso University
Hook Dillon\dilloho01,1950,1950,F,6-3,180,January 8 1924,University of North Carolina
Byron Dinkins\dinkiby01,1990,1991,G,6-1,170,June 15 1967,University of North Carolina at Charlotte
Jackie Dinkins\dinkija01,1972,1972,F,6-5,210,January 22 1950,Voorhees College
Harry Dinnel\dinneha01,1968,1968,F-G,6-4,200,,Pepperdine University
Bill Dinwiddie\dinwibi01,1968,1972,F,6-7,220,July 15 1943,New Mexico Highlands University
Spencer Dinwiddie\dinwisp01,2015,2017,G,6-6,200,April 6 1993,University of Colorado
Ike Diogu\dioguik01,2006,2012,F,6-8,250,September 11 1983,Arizona State University
DeSagana Diop\diopde01,2002,2013,C,7-0,300,January 30 1982,
Terry Dischinger\dischte01,1963,1973,F-G,6-7,189,November 21 1940,Purdue University
Fred Diute\diutefr01,1955,1955,G,6-3,210,January 9 1929,St. Bonaventure University
Vlade Divac\divacvl01,1990,2005,C,7-1,243,February 3 1968,
Juan Dixon\dixonju01,2003,2009,G,6-3,164,October 9 1978,University of Maryland
Aleksandar Djordjevic\djordal01,1997,1997,G,6-2,198,August 26 1967,
Earl Dodd\doddea01,1950,1950,F,6-5,175,November 1 1924,Truman State University
Michael Doleac\doleami01,1999,2008,C,6-11,262,June 15 1977,University of Utah
Joe Dolhon\dolhojo01,1950,1951,G,6-0,175,July 9 1927,New York University
Bob Doll\dollbo01,1947,1950,F-C,6-5,195,August 10 1919,University of Colorado
James Donaldson\donalja01,1981,1995,C,7-2,275,August 16 1957,Washington State University
Bob Donham\donhabo01,1951,1954,G-F,6-2,190,October 11 1926,Ohio State University
Billy Donovan\donovbi01,1988,1988,G,5-11,171,May 30 1965,Providence College
Harry Donovan\donovha01,1950,1950,G,6-2,180,September 10 1926,Muhlenberg College
Keyon Dooling\doolike01,2001,2013,G,6-3,196,May 8 1980,University of Missouri
Jacky Dorsey\dorseja01,1978,1981,F,6-7,230,December 18 1954,University of Georgia
Joey Dorsey\dorsejo01,2009,2015,F,6-8,268,December 16 1983,University of Memphis
Ron Dorsey\dorsero01,1972,1972,F,6-4,200,October 10 1948,Tennessee State University
Quincy Douby\doubyqu01,2007,2009,G,6-3,175,May 16 1984,Rutgers University
Bruce Douglas\douglbr01,1987,1987,G,6-3,195,April 9 1964,University of Illinois at Urbana-Champaign
John Douglas\dougljo01,1982,1983,G,6-2,170,June 12 1956,University of Kansas
Leon Douglas\douglle01,1977,1983,C-F,6-10,230,August 26 1954,University of Alabama
Sherman Douglas\douglsh01,1990,2001,G,6-0,180,September 15 1966,Syracuse University
Toney Douglas\douglto01,2010,2017,G,6-2,195,March 16 1986,Florida State University
Chris Douglas-Roberts\douglch01,2009,2015,G,6-7,200,January 8 1987,University of Memphis
Sonny Dove\doveso01,1968,1972,F,6-7,198,August 16 1945,St. John's University
Jerry Dover\doverje01,1972,1972,G,5-7,155,October 16 1949,LeMoyne-Owen College
Zabian Dowdell\dowdeza01,2011,2011,G,6-3,191,September 10 1984,Virginia Polytechnic Institute and State University
Bill Downey\downebi01,1948,1948,C,6-6,210,November 11 1923,Marquette University
Steve Downing\downist01,1974,1975,C,6-8,225,September 9 1950,Indiana University
Danny Doyle\doyleda01,1963,1963,F,6-8,200,February 6 1940,Belmont Abbey College
Terry Dozier\doziete01,1990,1990,F,6-9,210,June 29 1966,University of South Carolina
Goran Dragic\dragigo01,2009,2017,G,6-3,190,May 6 1986,
Zoran Dragic\dragizo01,2015,2015,G-F,6-5,200,June 22 1989,
Greg Dreiling\dreilgr01,1987,1997,C,7-1,250,November 7 1962,University of Kansas
Bryce Drew\drewbr01,1999,2004,G,6-2,185,September 21 1974,Valparaiso University
John Drew\drewjo01,1975,1985,F-G,6-6,205,September 30 1954,Gardner-Webb University
Larry Drew\drewla01,1981,1991,G,6-1,170,April 2 1958,University of Missouri
Larry Drew\drewla02,2015,2015,G,6-2,180,March 5 1990,University of California Los Angeles
Clyde Drexler*\drexlcl01,1984,1998,G,6-7,210,June 22 1962,University of Houston
Nate Driggers\driggna01,1997,1997,G,6-5,215,October 12 1973,University of Montevallo
Terry Driscoll\driscte01,1971,1975,F,6-7,215,August 28 1947,Boston College
Predrag Drobnjak\drobnpr01,2002,2005,C,6-11,270,October 27 1975,
Ralph Drollinger\drollra01,1981,1981,C,7-2,250,April 20 1954,University of California Los Angeles
Andre Drummond\drumman01,2013,2017,C,6-11,279,August 10 1993,University of Connecticut
Dick Duckett\duckedi01,1958,1958,G,6-1,185,March 25 1933,St. John's University
Kevin Duckworth\duckwke01,1987,1997,C,7-0,275,April 1 1964,Eastern Illinois University
Charles Dudley\dudlech01,1973,1979,G,6-2,180,March 5 1950,University of Washington
Chris Dudley\dudlech02,1988,2003,C,6-11,235,February 22 1965,Yale University
Jared Dudley\dudleja01,2008,2017,F-G,6-7,225,July 10 1985,Boston College
Terry Duerod\duerote01,1980,1983,G,6-2,180,July 29 1956,University of Detroit Mercy
Bob Duffy\duffybo01,1947,1947,F,6-4,175,July 5 1922,Tulane University
Bob Duffy\duffybo02,1963,1965,G,6-3,185,September 26 1940,Colgate University
Chris Duhon\duhonch01,2005,2013,G,6-1,185,August 31 1982,Duke University
Duje Dukan\dukandu01,2016,2016,F,6-9,220,December 4 1991,University of Wisconsin
Walter Dukes\dukeswa01,1956,1963,C,7-0,220,June 23 1930,Seton Hall University
Joe Dumars*\dumarjo01,1986,1999,G,6-3,190,May 24 1963,McNeese State University
Rich Dumas\dumasri01,1969,1969,G,6-3,170,,Northeastern State University
Richard Dumas\dumasri02,1993,1996,F,6-7,200,May 19 1969,Oklahoma State University
Tony Dumas\dumasto01,1995,1998,G,6-6,190,August 25 1972,University of Missouri-Kansas City
Andy Duncan\duncaan01,1949,1951,F-C,6-6,195,April 17 1922,College of William & Mary
Tim Duncan\duncati01,1998,2016,F-C,6-11,250,April 25 1976,Wake Forest University
Mike Dunleavy\dunlemi01,1977,1990,G,6-3,180,March 21 1954,University of South Carolina
Mike Dunleavy\dunlemi02,2003,2017,F-G,6-9,230,September 15 1980,Duke University
Kris Dunn\dunnkr01,2017,2017,G,6-4,210,March 18 1994,Providence College
Pat Dunn\dunnpa01,1958,1958,G,6-2,170,March 17 1931,Utah State University
T.R. Dunn\dunntr01,1978,1991,G-F,6-4,192,February 1 1955,University of Alabama
Ronald Dupree\duprero01,2004,2011,F,6-7,209,January 26 1981,Louisiana State University
Kevin Durant\duranke01,2008,2017,F-G,6-9,240,September 29 1988,University of Texas at Austin
John Duren\durenjo01,1981,1983,G,6-3,195,October 30 1958,Georgetown University
Jarrett Durham\durhaja01,1972,1972,F,6-5,188,August 22 1949,Duquesne University
Pat Durham\durhapa01,1993,1995,F,6-7,210,March 10 1967,Colorado State University
Devin Durrant\durrade01,1985,1986,F,6-7,200,October 20 1960,Brigham Young University
Ken Durrett\durreke01,1972,1975,F,6-7,190,December 8 1948,La Salle University
Dennis DuVal\duvalde01,1975,1976,G,6-3,175,March 31 1952,Syracuse University
Jack Dwan\dwanja01,1949,1949,F-G,6-4,200,May 3 1921,Loyola University of Chicago
Craig Dykema\dykemcr01,1982,1982,F,6-8,190,June 11 1959,California State University Long Beach
Gene Dyker\dykerge01,1954,1954,F,6-6,225,February 17 1930,DePaul University
Jerome Dyson\dysonje01,2012,2012,G,6-3,180,May 1 1987,University of Connecticut

Marcus Banks\banksma01,2004,2011,G,6-2,200,November 19 1981,University of Nevada Las Vegas
Walker Banks\bankswa01,1971,1971,C,6-10,205,August 26 1947,Western Kentucky University
Ken Bannister\bannike01,1985,1991,F-C,6-9,235,April 1 1960,Saint Augustine's College
Mike Bantom\bantomi01,1974,1982,F-C,6-9,200,December 3 1951,Saint Joseph's University
John Barber\barbejo01,1957,1957,F,6-6,210,June 27 1927,California State University Los Angeles
Leandro Barbosa\barbole01,2004,2017,G,6-3,194,November 28 1982,
Steve Bardo\bardost01,1992,1996,G,6-5,190,April 5 1968,University of Illinois at Urbana-Champaign
J.J. Barea\bareajo01,2007,2017,G,6-0,185,June 26 1984,Northeastern University
Andrea Bargnani\bargnan01,2007,2016,F-C,7-0,245,October 26 1985,
Cliff Barker\barkecl01,1950,1952,G,6-2,185,January 15 1921,University of Kentucky
Tom Barker\barketo01,1977,1979,C-F,6-11,225,March 11 1955,University of Hawaii
Charles Barkley*\barklch01,1985,2000,F,6-6,252,February 20 1963,Auburn University
Erick Barkley\barkler01,2001,2002,G,6-1,177,February 21 1978,St. John's University
Don Barksdale*\barksdo01,1952,1955,F-C,6-6,200,March 31 1923,University of California Los Angeles
Harrison Barnes\barneha02,2013,2017,F,6-8,210,May 30 1992,University of North Carolina
Harry Barnes\barneha01,1969,1969,F,6-3,205,July 25 1945,Northeastern University
Jim Barnes\barneji01,1965,1971,C-F,6-8,210,April 13 1941,University of Texas at El Paso
Marvin Barnes\barnema01,1975,1980,F-C,6-8,210,July 27 1952,Providence College
Matt Barnes\barnema02,2004,2017,F,6-7,226,March 9 1980,University of California Los Angeles
Dick Barnett\barnedi01,1960,1974,G-F,6-4,190,October 2 1936,Tennessee State University
Jim Barnett\barneji02,1967,1977,G-F,6-4,170,July 7 1944,University of Oregon
Nathaniel Barnett\barnena01,1976,1976,G,6-3,175,January 29 1953,University of Akron
John Barnhill\barnhjo01,1963,1972,G,6-1,180,March 20 1938,Tennessee State University
Norton Barnhill\barnhno01,1977,1977,G,6-4,205,July 15 1953,Washington State University
Leo Barnhorst\barnhle01,1950,1954,F-G,6-4,190,May 11 1924,University of Notre Dame
John Barr\barrjo01,1947,1947,F,6-3,205,August 8 1918,Pennsylvania State University
Mike Barr\barrmi01,1973,1977,G,6-3,180,October 19 1950,Duquesne University
Moe Barr\barrmo01,1971,1971,G,6-4,195,June 19 1944,Duquesne University
Andre Barrett\barrean01,2005,2008,G,5-10,172,February 21 1982,Seton Hall University
Ernie Barrett\barreer01,1954,1956,G-F,6-3,180,August 27 1929,Kansas State University
Mike Barrett\barremi01,1970,1973,G,6-2,155,September 5 1943,West Virginia University Institute of Technology
Earl Barron\barroea01,2006,2015,C,7-0,250,August 14 1981,University of Memphis
Dana Barros\barroda01,1990,2004,G,5-11,163,April 13 1967,Boston College
Brent Barry\barrybr01,1996,2009,G,6-6,185,December 31 1971,Oregon State University
Drew Barry\barrydr01,1998,2000,G,6-5,191,February 17 1973,Georgia Institute of Technology
Jon Barry\barryjo01,1993,2006,G,6-4,195,July 25 1969,Georgia Institute of Technology
Rick Barry*\barryri01,1966,1980,F,6-7,205,March 28 1944,University of Miami
Ed Bartels\barteed01,1950,1951,F,6-5,195,October 8 1925,North Carolina State University
Vic Bartolome\bartovi01,1972,1972,C,7-0,230,September 29 1948,Oregon State University
Will Barton\bartowi01,2013,2017,G,6-6,175,January 6 1991,University of Memphis
Eddie Basden\basdeed01,2006,2006,G,6-5,215,February 15 1983,University of North Carolina at Charlotte
Jerry Baskerville\baskeje01,1976,1976,F,6-7,190,November 10 1951,Temple University
Brandon Bass\bassbr01,2006,2017,F,6-8,250,April 30 1985,Louisiana State University
Tim Bassett\basseti01,1974,1980,F-C,6-8,225,April 1 1951,University of Georgia
Maceo Baston\bastoma01,2003,2009,F,6-9,215,May 29 1975,University of Michigan
Mengke Bateer\bateeme01,2002,2004,C,6-11,290,November 20 1975,
Billy Ray Bates\batesbi01,1980,1983,G,6-4,210,May 31 1956,Kentucky State University
Esteban Batista\batises01,2006,2007,F-C,6-10,270,September 2 1983,
Mike Batiste\batismi01,2003,2003,F,6-8,225,November 21 1977,Arizona State University
Tony Battie\battito01,1998,2012,C-F,6-11,230,February 11 1976,Texas Tech University
Shane Battier\battish01,2002,2014,F,6-8,220,September 9 1978,Duke University
John Battle\battljo01,1986,1995,G,6-2,175,November 9 1962,Rutgers University
Kenny Battle\battlke01,1990,1993,F,6-6,210,October 10 1964,University of Illinois at Urbana-Champaign
Dave Batton\battoda01,1983,1984,C,6-10,240,March 26 1956,University of Notre Dame
Lloyd Batts\battsll01,1975,1975,G-F,6-4,185,May 9 1951,University of Cincinnati
Nicolas Batum\batumni01,2009,2017,F-G,6-8,200,December 14 1988,
Johnny Baum\baumjo01,1970,1974,F,6-5,200,June 17 1946,Temple University
Frankie Baumholtz\baumhfr01,1947,1947,G,5-10,170,October 7 1918,Ohio University
Lonny Baxter\baxtelo01,2003,2006,F,6-8,260,January 27 1979,University of Maryland
Jerryd Bayless\bayleje01,2009,2017,G,6-3,200,August 20 1988,University of Arizona
Elgin Baylor*\bayloel01,1959,1972,F,6-5,225,September 16 1934,Seattle University
Howard Bayne\bayneho01,1968,1968,F,6-6,235,July 28 1942,University of Tennessee
Aron Baynes\baynear01,2013,2017,C,6-10,260,December 9 1986,Washington State University
Sergei Bazarevich\bazarse01,1995,1995,G,6-2,168,March 16 1965,
Kent Bazemore\bazemke01,2013,2017,G-F,6-5,201,July 1 1989,Old Dominion University
Ed Beach\beached01,1951,1951,F,6-3,200,January 25 1929,West Virginia University
Bradley Beal\bealbr01,2013,2017,G,6-5,207,June 28 1993,University of Florida
Al Beard\beardal01,1968,1968,C,6-9,200,April 27 1942,Norfolk State University
Butch Beard\beardbu01,1970,1979,G,6-3,185,May 4 1947,University of Louisville
Ralph Beard\beardra01,1950,1951,G,5-10,175,December 2 1927,University of Kentucky
Charles Beasley\beaslch01,1968,1971,G-F,6-5,190,September 23 1945,Southern Methodist University
Jerome Beasley\beaslje01,2004,2004,F,6-10,237,May 17 1980,University of North Dakota
John Beasley\beasljo01,1968,1974,F-C,6-9,225,February 5 1944,Texas A&M University
Malik Beasley\beaslma01,2017,2017,G,6-5,196,November 26 1996,Florida State University
Michael Beasley\beaslmi01,2009,2017,F,6-9,235,January 9 1989,Kansas State University
Zelmo Beaty*\beatyze01,1963,1975,C,6-9,225,October 25 1939,Prairie View A&M University
Rodrigue Beaubois\beaubro01,2010,2013,G,6-0,170,February 24 1988,
Byron Beck\beckby01,1968,1977,C-F,6-9,225,January 25 1945,University of Denver
Corey Beck\beckco01,1996,1999,G,6-1,190,May 27 1971,University of Arkansas
Ernie Beck\becker01,1954,1961,G-F,6-4,190,December 11 1931,University of Pennsylvania
Arthur Becker\beckear01,1968,1973,F,6-7,205,January 12 1942,Arizona State University
Moe Becker\beckemo01,1947,1947,G-F,6-1,185,February 24 1917,Duquesne University
Bob Bedell\bedelbo01,1968,1971,F,6-7,205,June 26 1944,Stanford University
William Bedford\bedfowi01,1987,1993,C,7-0,225,December 14 1963,University of Memphis
Hank Beenders\beendha01,1947,1949,C-F,6-6,185,June 2 1916,Long Island University
Ron Behagen\behagro01,1974,1980,F-C,6-9,185,January 14 1951,University of Minnesota
Elmer Behnke\behnkel01,1952,1952,C,6-7,210,February 3 1929,Bradley University
Marco Belinelli\belinma01,2008,2017,G-F,6-5,210,March 25 1986,
Charlie Bell\bellch01,2002,2011,G,6-3,200,March 12 1979,Michigan State University
Dennis Bell\bellde01,1974,1976,F,6-5,185,June 2 1951,Drake University
Raja Bell\bellra01,2001,2012,G,6-5,204,September 19 1976,Florida International University
Troy Bell\belltr01,2004,2004,G,6-1,180,November 10 1980,Boston College
Whitey Bell\bellwh01,1960,1961,G,6-0,180,September 13 1932,North Carolina State University
Walt Bellamy*\bellawa01,1962,1975,C,6-11,225,July 24 1939,Indiana University
DeAndre' Bembry\bembrde01,2017,2017,F,6-6,210,July 4 1994,Saint Joseph's University
Irv Bemoras\bemorir01,1954,1957,F-G,6-3,185,November 18 1930,University of Illinois at Urbana-Champaign
Leon Benbow\benbole01,1975,1976,G,6-4,185,July 23 1950,Jacksonville University
Dragan Bender\bendedr01,2017,2017,F,7-1,225,November 17 1997,
Jonathan Bender\bendejo01,2000,2010,F,6-11,202,January 30 1981,
Jerrelle Benimon\benimje01,2015,2015,F,6-8,245,August 1 1991,Towson University
Benoit Benjamin\benjabe01,1986,2000,C,7-0,250,November 22 1964,Creighton University
Corey Benjamin\benjaco01,1999,2003,G,6-6,200,February 24 1978,Oregon State University
Anthony Bennett\bennean01,2014,2017,F,6-8,245,March 14 1993,University of Nevada Las Vegas
Elmer Bennett\benneel01,1995,1997,G,6-0,170,February 13 1970,University of Notre Dame
Mario Bennett\bennema01,1996,2000,F,6-6,235,August 1 1973,Arizona State University
Mel Bennett\benneme01,1976,1982,F,6-7,200,January 4 1955,University of Pittsburgh
Spider Bennett\bennesp01,1969,1969,G,6-3,190,August 4 1943,Winston-Salem State University
Tony Bennett\benneto01,1993,1995,G,6-0,175,June 1 1969,University of Wisconsin-Green Bay
Winston Bennett\bennewi01,1990,1992,F,6-7,210,February 9 1965,University of Kentucky
David Benoit\benoida01,1992,2001,F,6-8,220,May 9 1968,University of Alabama
Keith Benson\bensoke02,2012,2012,C,6-11,240,August 13 1988,Oakland University
Kent Benson\bensoke01,1978,1988,C,6-10,235,December 27 1954,Indiana University
Ben Bentil\bentibe01,2017,2017,F,6-9,235,March 29 1995,Providence College
Gene Berce\bercege01,1950,1950,G-F,5-11,175,November 22 1926,Marquette University
Gary Bergen\bergega01,1957,1957,C,6-8,210,July 16 1932,University of Utah
Larry Bergh\berghla01,1970,1970,F,6-8,210,April 2 1945,Weber State University
Ricky Berry\berryri01,1989,1989,F,6-8,205,October 6 1964,San Jose State University
Walter Berry\berrywa01,1987,1989,F,6-8,215,May 14 1964,St. John's University
Davis Bertans\bertada01,2017,2017,F,6-10,210,November 12 1992,
Del Beshore\beshode01,1979,1980,G,5-11,165,November 29 1956,California University of Pennslyvania
Travis Best\besttr01,1996,2005,G,5-11,182,July 12 1972,Georgia Institute of Technology
Patrick Beverley\beverpa01,2013,2017,G,6-1,185,July 12 1988,University of Arkansas
Sim Bhullar\bhullsi01,2015,2015,C,7-5,360,December 2 1992,New Mexico State University
Wesley Bialosuknia\bialowe01,1968,1968,G,6-2,185,June 8 1945,University of Connecticut
Al Bianchi\biancal01,1957,1966,G,6-3,185,March 26 1932,Bowling Green State University
Hank Biasatti\biasaha01,1947,1947,G,5-11,175,January 14 1922,Long Island University
Henry Bibby\bibbyhe01,1973,1981,G,6-1,185,November 24 1949,University of California Los Angeles
Mike Bibby\bibbymi01,1999,2012,G,6-1,190,May 13 1978,University of Arizona
Ed Biedenbach\biedeed01,1969,1969,G,6-1,175,August 12 1945,North Carolina State University
Andris Biedrins\biedran01,2005,2014,C,6-11,240,April 2 1986,
Don Bielke\bielkdo01,1956,1956,C,6-7,240,,Valparaiso University
Bob Bigelow\bigelbo01,1976,1979,F-G,6-7,215,December 26 1953,University of Pennsylvania
Lionel Billingy\billili01,1975,1975,F-C,6-9,215,August 31 1952,Duquesne University
Chauncey Billups\billuch01,1998,2014,G,6-3,202,September 25 1976,University of Colorado
Dave Bing*\bingda01,1967,1978,G,6-3,180,November 24 1943,Syracuse University
Joe Binion\biniojo01,1987,1987,F,6-8,235,March 26 1961,North Carolina Agricultural and Technical State University
Jerry Bird\birdje01,1959,1959,F,6-6,210,February 2 1935,University of Kentucky
Larry Bird*\birdla01,1980,1992,F,6-9,220,December 7 1956,Indiana State University
Otis Birdsong\birdsot01,1978,1989,G,6-3,190,December 9 1955,University of Houston
Gale Bishop\bishoga01,1949,1949,F,6-3,195,June 4 1922,Washington State University
Bismack Biyombo\biyombi01,2012,2017,C-F,6-9,255,August 28 1992,
Nemanja Bjelica\bjeline01,2016,2017,F,6-10,240,May 9 1988,
Uwe Blab\blabuw01,1986,1990,C,7-1,252,March 26 1962,Indiana University
Charlie Black\blackch01,1949,1952,F-C,6-5,200,June 15 1921,University of Kansas
Norman Black\blackno01,1981,1981,G,6-5,185,November 12 1957,Saint Joseph's University
Tarik Black\blackta01,2015,2017,C-F,6-9,250,November 22 1991,University of Kansas
Tom Black\blackto01,1971,1971,C,6-10,220,July 9 1941,South Dakota State University
Rolando Blackman\blackro01,1982,1994,G,6-6,190,February 26 1959,Kansas State University
Alex Blackwell\blackal01,1993,1993,F,6-6,250,June 27 1970,Monmouth University
Cory Blackwell\blackco01,1985,1985,F,6-6,210,March 27 1963,University of Wisconsin
James Blackwell\blackja01,1995,1995,G,6-0,190,February 25 1968,Dartmouth College
Nate Blackwell\blackna01,1988,1988,G,6-4,170,February 15 1965,Temple University
DeJuan Blair\blairde01,2010,2016,F-C,6-7,270,April 22 1989,University of Pittsburgh
Steve Blake\blakest01,2004,2016,G,6-3,172,February 26 1980,University of Maryland
Will Blalock\blalowi01,2007,2007,G,6-0,205,September 8 1983,Iowa State University
George Blaney\blanege01,1962,1962,G,6-1,175,November 12 1939,College of the Holy Cross
Lance Blanks\blankla01,1991,1993,G,6-4,190,September 9 1966,University of Texas at Austin
Ricky Blanton\blantri01,1993,1993,F,6-7,215,April 21 1966,Louisiana State University
Andray Blatche\blatcan01,2006,2014,F,6-11,235,August 22 1986,
Mookie Blaylock\blaylmo01,1990,2002,G,6-0,180,March 20 1967,University of Oklahoma
Eric Bledsoe\bledser01,2011,2017,G,6-1,205,December 9 1989,University of Kentucky
Leon Blevins\blevile01,1951,1951,G,6-2,160,June 25 1926,University of Arizona
John Block\blockjo01,1967,1976,F-C,6-9,207,April 16 1944,University of Southern California
Mike Bloom\bloommi01,1948,1949,F-C,6-6,190,January 14 1915,Temple University
Corie Blount\blounco01,1994,2004,F,6-9,240,January 4 1969,University of Cincinnati
Mark Blount\blounma01,2001,2009,C,7-0,230,November 30 1975,University of Pittsburgh
Vander Blue\blueva01,2014,2015,G,6-4,200,July 17 1992,Marquette University
Ray Blume\blumera01,1982,1982,G,6-4,185,September 23 1958,Oregon State University
Nelson Bobb\bobbne01,1950,1953,G,6-0,170,February 25 1924,Temple University
Tony Bobbitt\bobbito01,2005,2005,G,6-4,190,October 22 1979,University of Cincinnati
Bucky Bockhorn\bockhbu01,1959,1965,G,6-4,200,July 8 1933,University of Dayton
Tom Boerwinkle\boerwto01,1969,1978,C,7-0,265,August 23 1945,University of Tennessee
Keith Bogans\boganke01,2004,2014,G-F,6-5,215,May 12 1980,University of Kentucky
Bojan Bogdanovic\bogdabo02,2015,2017,G-F,6-8,216,April 18 1989,
Muggsy Bogues\boguemu01,1988,2001,G,5-3,136,January 9 1965,Wake Forest University
Andrew Bogut\bogutan01,2006,2017,C,7-0,260,November 28 1984,University of Utah
Etdrick Bohannon\bohanet01,1998,2001,F,6-9,220,May 29 1973,Auburn University at Montgomery
Manute Bol\bolma01,1986,1995,C,7-7,200,October 16 1962,University of Bridgeport
Bill Bolger\bolgebi01,1954,1954,F,6-5,205,August 21 1931,Georgetown University
Joel Bolomboy\bolomjo01,2017,2017,F,6-9,235,January 28 1994,Weber State University
Doug Bolstorff\bolstdo01,1958,1958,G,6-4,195,October 29 1931,University of Minnesota
George Bon Salle\bonsage01,1962,1962,F,6-8,220,July 1 1935,University of Illinois at Urbana-Champaign
Phil Bond\bondph01,1978,1978,G,6-2,175,July 27 1954,University of Louisville
Walter Bond\bondwa01,1993,1995,G,6-5,200,February 1 1969,University of Minnesota
Dexter Boney\boneyde01,1997,1997,G,6-4,185,April 27 1970,University of Nevada Las Vegas
Ron Bonham\bonharo01,1965,1968,F,6-5,192,May 31 1942,University of Cincinnati
Anthony Bonner\bonnean01,1991,1996,F,6-8,215,June 8 1968,Saint Louis University
Matt Bonner\bonnema01,2005,2016,F,6-10,235,April 5 1980,University of Florida
Butch Booker\bookebu01,1970,1970,C,6-10,230,July 20 1945,Cheyney University of Pennsylvania
Devin Booker\bookede01,2016,2017,G,6-6,206,October 30 1996,University of Kentucky
Melvin Booker\bookeme01,1996,1997,G,6-1,185,August 20 1972,University of Missouri
Trevor Booker\booketr01,2011,2017,F,6-8,228,November 25 1987,Clemson University
Josh Boone\boonejo01,2007,2010,F-C,6-10,237,November 21 1984,University of Connecticut
Ron Boone\boonero01,1969,1981,G-F,6-2,200,September 6 1946,Idaho State University
Calvin Booth\boothca01,2000,2009,C,6-11,230,May 7 1976,Pennsylvania State University
Keith Booth\boothke01,1998,1999,F,6-6,226,October 9 1974,University of Maryland
Bob Boozer\boozebo01,1961,1971,F,6-8,215,April 26 1937,Kansas State University
Carlos Boozer\boozeca01,2003,2015,F-C,6-9,258,November 20 1981,Duke University
Curtis Borchardt\borchcu01,2004,2005,C,7-0,240,September 13 1980,Stanford University
Jake Bornheimer\bornhja01,1949,1950,F-C,6-5,200,June 29 1927,Muhlenberg College
Lazaro Borrell\borrela01,2000,2000,F,6-8,220,September 20 1972,
Ike Borsavage\borsaik01,1951,1951,C-F,6-8,220,July 25 1924,Temple University
Vince Boryla\borylvi01,1950,1954,F,6-5,210,March 11 1927,University of Denver
Chris Bosh\boshch01,2004,2016,F-C,6-11,235,March 24 1984,Georgia Institute of Technology
Jim Bostic\bostiji01,1978,1978,F,6-7,225,January 28 1953,New Mexico State University
Lawrence Boston\bostola01,1980,1980,F,6-8,225,May 18 1956,University of Maryland
Tom Boswell\bosweto01,1976,1984,F-C,6-9,220,October 2 1953,University of South Carolina
Ruben Boumtje-Boumtje\boumtru01,2002,2004,C,7-0,257,May 20 1978,Georgetown University
Don Boven\bovendo01,1950,1953,F-G,6-4,210,March 6 1925,Western Michigan University
Cal Bowdler\bowdlca01,2000,2002,F,6-10,245,March 31 1977,Old Dominion University
Bruce Bowen\bowenbr01,1997,2009,F,6-7,185,June 14 1971,California State University Fullerton
Ryan Bowen\bowenry01,2000,2010,F,6-7,215,November 20 1975,University of Iowa
Tommie Bowens\bowento01,1968,1970,F-C,6-8,220,July 7 1940,Grambling State University
Anthony Bowie\bowiean01,1989,1998,G-F,6-6,190,November 9 1963,University of Oklahoma
Sam Bowie\bowiesa01,1985,1995,C-F,7-1,235,March 17 1961,University of Kentucky
Orbie Bowling\bowlior01,1968,1968,C,6-10,215,March 21 1939,University of Tennessee
Ira Bowman\bowmair01,2000,2002,G,6-5,195,June 11 1973,University of Pennsylvania
Nate Bowman\bowmana01,1967,1972,C,6-10,230,March 19 1943,Wichita State University
Donnie Boyce\boycedo01,1996,1997,G,6-5,196,September 2 1973,University of Colorado
Dennis Boyd\boydde01,1979,1979,G,6-1,175,May 21 1954,University of Detroit Mercy
Freddie Boyd\boydfr01,1973,1978,G,6-2,180,June 13 1950,Oregon State University
Ken Boyd\boydke01,1975,1975,F,6-5,195,March 25 1952,Boston University
Earl Boykins\boykiea01,1999,2012,G,5-5,135,June 2 1976,Eastern Michigan University
Harry Boykoff\boykoha01,1950,1951,C,6-10,225,July 24 1922,St. John's University
Winford Boynes\boynewi01,1979,1981,G-F,6-6,185,May 17 1957,University of San Francisco
Cedric Bozeman\bozemce01,2007,2007,G,6-6,207,March 7 1983,University of California Los Angeles
Steve Bracey\bracest01,1973,1975,G,6-1,175,August 1 1950,University of Tulsa
Craig Brackins\brackcr01,2011,2012,F,6-10,230,October 9 1987,Iowa State University
Gary Bradds\braddga01,1965,1971,F,6-8,210,July 26 1942,Ohio State University
Alex Bradley\bradlal02,1982,1982,F,6-6,215,October 30 1959,Villanova University
Alonzo Bradley\bradlal01,1978,1980,F,6-6,190,October 16 1953,Texas Southern University
Avery Bradley\bradlav01,2011,2017,G,6-2,180,November 26 1990,University of Texas at Austin
Bill Bradley\bradlbi02,1968,1968,G,5-11,165,June 16 1941,
Bill Bradley*\bradlbi01,1968,1977,F-G,6-5,205,July 28 1943,Princeton University
Charles Bradley\bradlch01,1982,1984,G,6-5,215,May 16 1959,University of Wyoming
Dudley Bradley\bradldu01,1980,1989,G-F,6-6,195,March 19 1957,University of North Carolina
Jim Bradley\bradlji01,1974,1976,F,6-8,215,March 16 1952,Northern Illinois University
Joe Bradley\bradljo01,1950,1950,G,6-3,175,September 24 1928,Oklahoma State University
Michael Bradley\bradlmi01,2002,2006,F-C,6-10,245,April 18 1979,Villanova University
Shawn Bradley\bradlsh01,1994,2005,C,7-6,235,March 22 1972,Brigham Young University
Mark Bradtke\bradtma01,1997,1997,C-F,6-10,265,September 27 1968,
Marques Bragg\braggma01,1996,1996,F,6-8,230,March 24 1970,Providence College
Torraye Braggs\braggto01,2004,2005,F,6-8,245,May 15 1976,Xavier University
A.J. Bramlett\bramlaj01,2000,2000,C,6-10,227,January 10 1977,University of Arizona
Adrian Branch\brancad01,1987,1990,F-G,6-7,185,November 17 1963,University of Maryland
Elton Brand\brandel01,2000,2016,F,6-8,275,March 11 1979,Duke University
Terrell Brandon\brandte01,1992,2002,G,5-11,180,May 20 1970,University of Oregon
Bob Brannum\brannbo01,1950,1955,F-C,6-5,215,May 28 1925,Michigan State University
Brad Branson\bransbr01,1982,1983,C-F,6-10,220,September 24 1958,Southern Methodist University
Jesse Branson\bransje01,1966,1968,F,6-7,195,January 7 1942,Elon University
Jim Brasco\brascji01,1953,1953,G,6-1,170,February 3 1931,New York University
Mike Bratz\bratzmi01,1978,1986,G,6-2,185,October 17 1955,Stanford University
Carl Braun\braunca01,1948,1962,G-F,6-5,180,September 25 1927,Colgate University
Tim Breaux\breauti01,1995,1998,F,6-7,215,September 19 1970,University of Wyoming
J.R. Bremer\bremejr01,2003,2004,G,6-2,185,September 19 1980,St. Bonaventure University
Pete Brennan\brennpe01,1959,1959,F,6-6,205,September 23 1936,University of North Carolina
Tom Brennan\brennto01,1955,1955,F,6-3,195,August 6 1930,Villanova University
Randy Breuer\breuera01,1984,1994,C,7-3,230,October 11 1960,University of Minnesota
Corey Brewer\breweco01,2008,2017,F-G,6-9,186,March 5 1986,University of Florida
Jamison Brewer\breweja01,2002,2005,G,6-4,184,November 19 1980,Auburn University
Jim Brewer\breweji01,1974,1982,F-C,6-9,210,December 3 1951,University of Minnesota
Ron Brewer\brewero01,1979,1986,G,6-4,180,September 16 1955,University of Arkansas
Ronnie Brewer\brewero02,2007,2014,G-F,6-7,220,March 20 1985,University of Arkansas
Primoz Brezec\brezepr01,2002,2010,C,7-2,252,October 2 1979,
Frankie Brian\brianfr01,1950,1956,G,6-1,180,May 1 1923,Louisiana State University
Frank Brickowski\brickfr01,1985,1997,F-C,6-9,240,August 14 1959,Pennsylvania State University
Junior Bridgeman\bridgju01,1976,1987,F-G,6-5,210,September 17 1953,University of Louisville
Bill Bridges\bridgbi01,1963,1975,F-C,6-6,228,April 4 1939,University of Kansas
Al Brightman\brighal01,1947,1947,F,6-2,195,September 22 1923,University of Charleston
Aud Brindley\brindau01,1947,1947,F,6-4,175,December 31 1923,Dartmouth College
John Brisker\briskjo01,1970,1975,F-G,6-5,210,June 15 1947,University of Toledo
Allan Bristow\bristal01,1974,1983,F-G,6-7,210,August 23 1951,Virginia Polytechnic Institute and State University
Tyrone Britt\brittty01,1968,1968,G,6-4,190,April 18 1944,Johnson C. Smith University
Wayman Britt\brittwa01,1978,1978,G,6-2,185,August 31 1952,University of Michigan
Mike Brittain\brittmi01,1986,1987,C,7-0,235,June 21 1963,University of South Carolina
Dave Britton\brittda01,1981,1981,G,6-4,180,August 29 1958,Texas A&M University
Jon Brockman\brockjo01,2010,2012,F,6-7,255,March 20 1987,University of Washington
Jim Brogan\brogaji01,1982,1983,G,6-4,185,February 24 1958,West Virginia Wesleyan College
Malcolm Brogdon\brogdma01,2017,2017,G,6-5,215,December 11 1992,University of Virginia
Gary Brokaw\brokaga01,1975,1978,G,6-4,178,January 11 1954,University of Notre Dame
Price Brookfield\brookpr01,1949,1950,F-G,6-4,185,May 11 1920,West Texas A&M University
Clarence Brookins\brookcl01,1971,1971,F,6-4,190,,Temple University
Aaron Brooks\brookaa01,2008,2017,G,6-0,161,January 14 1985,University of Oregon
Kevin Brooks\brookke01,1992,1994,F,6-6,200,October 12 1969,University of Louisiana at Lafayette
MarShon Brooks\brookma01,2012,2014,G-F,6-5,200,January 26 1989,Providence College
Michael Brooks\brookmi01,1981,1988,F,6-7,220,August 17 1958,La Salle University
Scott Brooks\brooksc01,1989,1998,G,5-11,165,July 31 1965,University of California Irvine
Andre Brown\brownan01,2007,2009,F,6-9,245,May 12 1981,DePaul University
Anthony Brown\brownan02,2016,2017,F-G,6-7,210,October 10 1992,Stanford University
Bob Brown\brownbo01,1949,1950,F,6-4,205,November 12 1923,Miami University
Bobby Brown\brownbo02,2009,2017,G,6-2,175,September 24 1984,California State University Fullerton
Chucky Brown\brownch01,1990,2002,F,6-7,214,February 29 1968,North Carolina State University
Damone Brown\brownda02,2002,2005,F,6-9,200,June 28 1979,Syracuse University
Darrell Brown\brownda01,1949,1949,F,6-2,175,March 14 1923,Humboldt State University
Dee Brown\brownde01,1991,2002,G,6-1,160,November 29 1968,Jacksonville University
Dee Brown\brownde03,2007,2009,G,6-0,185,August 17 1984,University of Illinois at Urbana-Champaign
Derrick Brown\brownde04,2010,2012,F,6-7,225,September 8 1987,Xavier University
Devin Brown\brownde02,2003,2010,G,6-5,220,December 30 1978,University of Texas at San Antonio
Ernest Brown\browner01,2002,2002,C,7-0,244,May 17 1979,Indian Hills Community College
Fred Brown\brownfr01,1972,1984,G,6-3,182,August 7 1948,University of Iowa
George Brown\brownge01,1958,1958,F,6-6,190,October 30 1935,Wayne State University
Gerald Brown\brownge02,1999,1999,G,6-4,210,July 28 1975,Pepperdine University
Harold Brown\brownha01,1947,1947,G,6-0,155,October 2 1923,University of Evansville
Jabari Brown\brownja01,2015,2015,G,6-4,215,December 18 1992,University of Missouri
Jaylen Brown\brownja02,2017,2017,F,6-7,225,October 24 1996,University of California
John Brown\brownjo01,1974,1980,F,6-7,220,December 14 1951,University of Missouri
Kedrick Brown\brownke01,2002,2005,G,6-7,222,March 18 1981,Okaloosa-Walton Community College
Kwame Brown\brownkw01,2002,2013,F,6-11,270,March 10 1982,
Larry Brown*\brownla01,1968,1972,G,5-9,160,September 14 1940,University of North Carolina
Leon Brown\brownle01,1947,1947,F,6-3,190,October 12 1919,University of Wyoming
Lewis Brown\brownle02,1981,1981,C,6-11,225,February 19 1955,University of Nevada Las Vegas
Lorenzo Brown\brownlo01,2014,2016,G,6-5,189,August 26 1990,North Carolina State University
Marcus Brown\brownma01,1997,2000,G,6-3,185,April 3 1974,Murray State University
Markel Brown\brownma02,2015,2016,G,6-3,190,January 29 1992,Oklahoma State University
Mike Brown\brownmi01,1987,1997,C-F,6-9,257,July 19 1963,George Washington University
Myron Brown\brownmy01,1992,1992,G,6-3,180,November 3 1969,Slippery Rock University of Pennsylvania
P.J. Brown\brownpj01,1994,2008,F-C,6-11,225,October 14 1969,Louisiana Tech University
Randy Brown\brownra02,1992,2003,G,6-2,190,May 22 1968,New Mexico State University
Raymond Brown\brownra01,1990,1990,F,6-8,220,July 5 1965,University of Idaho
Rickey Brown\brownri01,1981,1985,C-F,6-10,215,August 20 1958,Mississippi State University
Roger Brown*\brownro01,1968,1975,F-G,6-5,205,May 22 1942,University of Dayton
Roger Brown\brownro02,1973,1980,C,6-11,225,February 23 1950,University of Kansas
Shannon Brown\brownsh01,2007,2015,G,6-4,205,November 29 1985,Michigan State University
Stan Brown\brownst01,1948,1952,F,6-3,200,June 27 1929,
Tierre Brown\brownti01,2002,2005,G,6-2,189,June 3 1979,McNeese State University
Tony Brown\brownto01,1985,1992,F-G,6-6,185,July 29 1960,University of Arkansas
Jim Browne\brownji01,1949,1950,C,6-10,235,January 1 1930,
Stanley Brundy\brundst01,1990,1990,F,6-6,210,November 13 1967,DePaul University
Brian Brunkhorst\brunkbr01,1969,1969,F,6-6,208,June 12 1945,Marquette University
George Bruns\brunsge01,1973,1973,G,6-0,160,August 30 1946,Manhattan College
Rick Brunson\brunsri01,1998,2006,G,6-4,190,June 14 1972,Temple University
Nicolas Brussino\brussni01,2017,2017,G-F,6-7,195,March 2 1993,
Em Bryant\bryanem01,1965,1972,G,6-1,175,November 4 1938,DePaul University
Joe Bryant\bryanjo01,1976,1983,F-C,6-9,185,October 19 1954,La Salle University
Kobe Bryant\bryanko01,1997,2016,G-F,6-6,212,August 23 1978,
Mark Bryant\bryanma01,1989,2003,F-C,6-9,245,April 25 1965,Seton Hall University
Wallace Bryant\bryanwa01,1984,1986,C,7-0,245,July 14 1959,University of San Francisco
Torgeir Bryn\brynto01,1990,1990,C,6-9,250,August 8 1964,Texas State University
George Bucci\buccige01,1976,1976,G,6-3,200,July 9 1953,Manhattan College
Joe Buckhalter\buckhjo01,1962,1963,F,6-7,210,August 1 1937,Tennessee State University
Steve Bucknall\bucknst01,1990,1990,G,6-6,215,March 17 1966,University of North Carolina
Cleveland Buckner\buckncl01,1962,1963,F-C,6-9,210,August 17 1938,Jackson State University
Greg Buckner\buckngr01,2000,2009,G,6-4,210,September 16 1976,Clemson University
Quinn Buckner\bucknqu01,1977,1986,G,6-3,190,August 20 1954,Indiana University
Dave Budd\buddda01,1961,1965,F,6-6,205,October 28 1938,Wake Forest University
Chase Budinger\budinch01,2010,2016,F,6-7,209,May 22 1988,University of Arizona
Walt Budko\budkowa01,1949,1952,F-C,6-5,220,July 30 1925,Columbia University
Jud Buechler\buechju01,1991,2002,F-G,6-6,220,June 19 1968,University of Arizona
Rodney Buford\buforro01,2000,2005,G-F,6-5,189,November 2 1977,Creighton University
Matt Bullard\bullama01,1991,2002,F,6-10,215,June 5 1967,University of Iowa
Reggie Bullock\bullore01,2014,2017,G-F,6-7,205,March 16 1991,University of North Carolina
Larry Bunce\buncela01,1968,1969,C,7-0,240,July 29 1945,Utah State University
Greg Bunch\bunchgr01,1979,1979,F,6-6,190,May 15 1956,California State University Fullerton
Dick Bunt\buntdi01,1953,1953,G,6-0,170,July 13 1930,New York University
Bill Buntin\buntibi01,1966,1966,C-F,6-7,250,May 5 1942,University of Michigan
Bill Bunting\buntibi02,1970,1972,F-C,6-8,200,August 26 1947,University of North Carolina
Ticky Burden\burdeti01,1976,1978,G,6-2,185,February 28 1953,University of Utah
Pat Burke\burkepa01,2003,2007,C-F,6-11,250,December 14 1973,Auburn University
Trey Burke\burketr01,2014,2017,G,6-1,191,November 12 1992,University of Michigan
Roger Burkman\burkmro01,1982,1982,G,6-5,175,May 22 1958,University of Louisville
Alec Burks\burksal01,2012,2017,G,6-6,214,July 20 1991,University of Colorado
Antonio Burks\burksan01,2005,2006,G,6-1,200,February 25 1980,University of Memphis
Kevin Burleson\burleke01,2006,2006,G,6-3,205,April 9 1979,University of Minnesota
Tom Burleson\burleto01,1975,1981,C,7-2,225,February 24 1952,North Carolina State University
Jack Burmaster\burmaja01,1950,1950,G,6-3,190,December 23 1926,University of Illinois at Urbana-Champaign
David Burns\burnsda01,1982,1982,G,6-2,180,July 3 1958,Saint Louis University
Evers Burns\burnsev01,1994,1994,F,6-8,260,August 24 1971,University of Maryland
Jim Burns\burnsji01,1968,1968,G,6-3,195,September 21 1945,Northwestern University
Scott Burrell\burresc01,1994,2001,G-F,6-7,218,January 12 1971,University of Connecticut
Art Burris\burriar01,1951,1952,F,6-5,220,April 7 1924,University of Tennessee
Junior Burrough\burroju01,1996,1996,F,6-8,242,January 18 1973,University of Virginia
Bob Burrow\burrobo01,1957,1958,C-F,6-7,228,June 29 1934,University of Kentucky
Ed Burton\burtoed01,1962,1965,F,6-6,225,August 13 1939,Michigan State University
Willie Burton\burtowi01,1991,1999,F-G,6-8,210,May 26 1968,University of Minnesota
Steve Burtt\burttst01,1985,1993,G,6-2,185,November 5 1962,Iona College
Don Buse\busedo01,1973,1985,G,6-4,190,August 10 1950,University of Evansville
David Bustion\bustida01,1973,1973,F,6-8,215,August 30 1949,University of Denver
Donnie Butcher\butchdo01,1962,1966,G,6-2,200,February 8 1936,Pikeville College
Al Butler\butleal01,1962,1965,G,6-2,175,July 9 1938,Niagara University
Caron Butler\butleca01,2003,2016,F,6-7,228,March 13 1980,University of Connecticut
Greg Butler\butlegr01,1989,1991,C,6-11,240,March 11 1966,Stanford University
Jackie Butler\butleja01,2005,2007,F-C,6-10,250,March 10 1985,
Jimmy Butler\butleji01,2012,2017,G-F,6-7,220,September 14 1989,Marquette University
Mike Butler\butlemi01,1969,1972,G,6-2,170,October 22 1946,University of Memphis
Mitchell Butler\butlemi02,1994,2004,G-F,6-5,210,December 15 1970,University of California Los Angeles
Rasual Butler\butlera01,2003,2016,F-G,6-7,215,May 23 1979,La Salle University
Dwight Buycks\buyckdw01,2014,2015,G,6-3,190,March 6 1989,Marquette University
Derrick Byars\byarsde01,2012,2012,F,6-7,220,April 25 1984,Vanderbilt University
Andrew Bynum\bynuman01,2006,2014,C,7-0,285,October 27 1987,
Will Bynum\bynumwi01,2006,2015,G,6-0,185,January 4 1983,Georgia Institute of Technology
Walter Byrd\byrdwa01,1970,1970,F,6-7,205,,Temple University
Marty Byrnes\byrnema01,1979,1983,F,6-7,215,April 30 1956,Syracuse University
Tommy Byrnes\byrneto01,1947,1951,F-G,6-3,175,February 19 1923,Seton Hall University
Michael Bytzura\bytzumi01,1947,1947,F,6-1,170,June 18 1922,Long Island University